"","Sku","Sal","Str","Std","Spd","Sda","Smr1","Sds","Sbi","Svi","Smean","SWt","Stdi","Maximumdepth","Meandensity"
"1",3.700101982,2.711632457,0.742573344,13.2510556,0.01269619,70.18609566,11.14897566,0.02179346,0.837438026,0.139193612,-0.007467373,0.047096999,0.759686452,1.068681303,1234.429037
"2",3.49042592,2.666394867,0.77035932,11.25143048,0.012746175,71.70797535,10.67996296,0.021543535,0.849209064,0.130470232,-0.002188109,0.035813399,0.748049369,0.937171974,1242.710631
"3",3.819342759,2.707228383,0.742477627,16.49148825,0.012371287,70.81948582,10.84266482,0.021968407,0.73024927,0.138360321,-0.009422183,0.057474998,0.672694114,1.06366797,1227.611478
"4",3.50813042,2.70416318,0.771432673,13.50073905,0.012221332,69.32581269,11.46676036,0.021268617,0.771426941,0.131293814,-0.002839188,0.046076499,0.776124278,0.925392974,1243.892693
"5",3.462798853,2.721783953,0.770912389,12.49801285,0.012621212,68.92357771,10.63796092,0.02159352,0.900371728,0.134282458,-0.006077284,0.056444998,0.682846093,0.881817975,1249.471494
"6",3.625929188,2.774308695,0.780376663,16.98640965,0.012846145,72.36470816,10.27587751,0.021218632,0.691982124,0.129205754,-0.002751029,0.029105999,0.733349772,1.030159971,1213.254338
"7",3.979933638,2.666338546,0.721651828,16.99793194,0.011971407,72.68253645,11.35520392,0.021843445,0.731120591,0.140777402,-0.007327598,0.055266998,0.713707592,1.187038966,1224.318718
"8",4.063923237,2.758143689,0.776671361,176.7631981,0.0119964,73.20324509,10.68456076,0.021918422,0.669285696,0.138036705,-0.004153077,0.035279499,0.715909128,1.079846969,1234.381234
"9",3.862096392,2.842729689,0.759000586,160.7508699,0.012146355,71.50551501,11.99047559,0.022868137,0.671335564,0.134400682,-0.004202366,0.055523998,0.831410434,1.026604971,1226.236925
"10",3.480233663,2.726034919,0.77115272,3.747554877,0.01219634,70.47741017,11.87972318,0.021118662,0.841321067,0.12931674,-0.001649183,0.057878998,0.694929432,0.936450974,1225.950174
"11",4.042267243,2.722365929,0.767473666,11.25257887,0.012021392,73.34583955,10.33069366,0.022318302,0.70343324,0.140024346,-0.006986143,0.060436998,0.790349532,1.144321968,1223.221404
"12",3.572079884,2.680566289,0.77950516,11.99972922,0.012846145,67.84454592,11.03912906,0.022068377,0.787947291,0.131774326,-0.002807292,0.029581099,0.774716196,0.823380977,1198.117624
"13",3.466015379,2.692547967,0.755237474,12.50104135,0.01249625,70.05784213,10.98055023,0.021243625,0.872432121,0.132727085,-0.003760996,0.057687998,0.733655153,0.892404975,1225.868362
"14",3.491893284,2.337266069,0.653604525,163.7498945,0.01289613,66.14083166,10.76874246,0.021418572,0.886767824,0.135041193,-0.004279999,0.043391999,0.738426061,0.913595974,1219.511439
"15",3.604014061,2.760644077,0.618046976,2.999172451,0.009622112,93.23490536,13.24600044,0.017319802,0.629106502,0.100682409,0.010965113,0.057466998,0.650025498,0.932736974,1197.759314
"16",3.981512706,2.83999473,0.597023551,173.9932469,0.009122262,101.4837228,13.40540319,0.017244825,0.568907011,0.106774368,0.010013316,0.038251999,0.6352527,0.876279975,1198.747338
"17",3.895718414,2.756696606,0.625073449,3.747844382,0.009647105,89.51648372,10.73428593,0.018519442,0.842381459,0.145491605,-0.008246572,0.065978998,0.641917917,0.949139973,1215.095105
"18",4.075868897,2.921780902,0.724369985,10.74646338,0.009972007,88.37217129,11.17440413,0.01989403,0.669020686,0.139254325,-0.001997176,0.039287999,0.742171013,0.941924973,1190.327517
"19",3.664697304,2.925653651,0.667373787,3.495983347,0.008872337,99.70464649,9.954477752,0.018444465,1.008698063,0.145811795,-0.011795188,0.032507099,0.637936803,0.976885972,1189.613024
"20",3.829927338,2.794310365,0.678515386,9.246095839,0.010021992,90.10049305,10.68399063,0.018119562,0.720745177,0.139970837,-0.006537983,0.041852999,0.650664258,0.970746473,1203.20707
"21",3.469312533,2.843530643,0.671456115,8.769070861,0.009522142,91.23110846,9.614530741,0.01769469,1.091492047,0.141536117,-0.009187472,0.042361899,0.669896674,0.917085974,1206.231427
"22",4.036536103,2.81634419,0.751703918,2.518282012,0.010221932,82.88919764,11.01206242,0.020068977,0.703632483,0.143911781,-0.005267068,0.047677499,0.650132237,0.971823473,1213.308963
"23",3.79659809,2.709785523,0.68611121,171.7501636,0.01019694,81.59066661,10.55332059,0.01949415,0.832297039,0.144509297,-0.006357813,0.041300999,0.669605198,0.999322972,1207.092356
"24",3.510757651,2.789758992,0.636708781,9.247859419,0.01039688,90.03297456,10.31464369,0.018419472,0.951036934,0.140904477,-0.005923083,0.028494799,0.707797057,0.951418973,1195.171574
"25",3.515078824,2.773677057,0.668465565,4.249721445,0.00969709,87.85065481,9.835405821,0.018169547,0.968353054,0.138233077,-0.004690006,0.033531299,0.708741154,0.855956976,1213.460428
"26",3.920240574,2.855351635,0.696002996,176.7418466,0.009672097,93.58193437,11.11813686,0.018944315,0.799780874,0.144291861,-0.006759746,0.035021099,0.657531304,0.902991975,1197.260925
"27",4.261385625,2.756509468,0.691636926,5.749764711,0.010146955,93.76135122,11.17372373,0.019119262,0.661687934,0.147194349,-0.005868572,0.047685999,0.645018638,0.996580972,1231.603098
"28",3.739595412,2.840001096,0.646788182,176.257646,0.009022292,94.29392285,9.438753321,0.017519742,0.92237044,0.142523608,-0.009796552,0.041961999,0.600219391,1.04812797,1217.625612
"29",3.726500572,2.930776783,0.614301362,3.498985331,0.008722382,95.27527592,14.18593896,0.01669499,0.651027174,0.099457279,0.014580338,0.044317999,0.545206263,0.870053475,1166.25078
"30",3.707701647,3.035896476,0.662514015,176.984886,0.009172247,104.2259007,14.10196698,0.016869937,0.599869564,0.103086292,0.013439634,0.056264998,0.643563001,0.900314975,1191.665852
"31",3.840196443,2.988249333,0.662803078,176.5015138,0.009322202,101.0513951,9.643821663,0.018319502,0.943599469,0.147778838,-0.009299755,0.052175999,0.63681694,0.872377975,1183.107147
"32",4.120989845,3.012811267,0.639861099,176.7355332,0.008572427,107.7243468,11.0790435,0.01819454,0.774036713,0.145877367,-0.005924276,0.042667999,0.645459531,0.833608976,1181.879963
"33",7.008671249,3.047080148,0.599651859,172.4987432,0.00669799,130.5326715,8.601617225,0.017969607,1.029963861,0.17121306,-0.024745099,0.078785998,0.577155615,1.295124963,1173.394335
"34",4.243000204,2.9210816,0.610365285,176.990351,0.008522442,107.6761722,9.760230364,0.0179946,0.940949182,0.150494881,-0.012887913,0.045005999,0.589018202,0.956213973,1186.358849
"35",3.377768415,2.960147346,0.681750046,177.2430422,0.00879736,100.62951,9.348093419,0.016645005,1.072493723,0.140353145,-0.010483805,0.037961899,0.637321966,0.927206974,1194.419362
"36",4.114576831,3.023327197,0.741097898,6.49919169,0.008847345,92.85388609,10.44379733,0.017744675,0.666328726,0.145724543,-0.007877751,0.057846998,0.652295408,0.903568974,1202.277571
"37",3.417052322,2.907100922,0.598346416,176.5063937,0.008672397,101.7902022,10.56638791,0.016819952,0.922131644,0.137198929,-0.005297731,0.036289599,0.623833734,0.889299308,1195.37879
"38",3.499008366,2.860145881,0.595873142,176.9810304,0.008872337,99.57066163,9.390155399,0.01739478,1.003549316,0.144065091,-0.011378559,0.033671499,0.70590861,0.854237309,1206.614788
"39",3.446126895,2.958268159,0.672806916,5.995348214,0.00879736,98.66133364,9.703692398,0.018419472,1.0381378,0.142619083,-0.009660042,0.029754299,0.651088648,0.794525978,1180.225521
"40",3.354104447,3.045359552,0.721261641,163.4998159,0.009347195,99.52230289,10.25812188,0.01739478,0.97315162,0.137267625,-0.006546253,0.028110799,0.716852282,0.828167977,1190.807282
"41",3.829100785,2.973830934,0.723809927,19.74316526,0.009522142,92.47779332,11.01214847,0.018444465,0.740559614,0.140035214,-0.003871257,0.044039499,0.692029384,0.840689976,1190.067278
"42",3.423724358,2.937850364,0.646731248,176.2521117,0.008622412,100.1045155,10.02689164,0.017344795,0.963304944,0.140811862,-0.010219555,0.041970999,0.611350832,0.897833975,1194.787327
"43",4.569157512,2.802908746,0.666065534,3.004732926,0.009522142,92.48296048,16.18042542,0.018244525,0.475330222,0.096947916,0.013306191,0.055376998,0.701022858,0.794390978,1200.636442
"44",3.976012218,2.841090515,0.667837287,170.0135319,0.009847045,90.08012922,13.25555014,0.017869637,0.567545945,0.102326899,0.009350478,0.024433099,0.655925567,0.762001978,1196.246711
"45",4.11387159,2.829778343,0.679967368,172.25307,0.009847045,87.27435655,9.65215174,0.018919322,1.052891856,0.1542312,-0.010152736,0.033981299,0.674519997,0.779726728,1232.906675
"46",4.016156456,2.782040529,0.666524899,168.2521098,0.009647105,95.49049954,10.13636922,0.019069277,0.849939753,0.145997303,-0.009307083,0.036252899,0.731228621,0.936739974,1210.248555
"47",4.069999812,2.984227664,0.698774493,3.248688628,0.00909727,96.00161876,8.959221376,0.020618812,0.758242701,0.152210592,-0.011164218,0.033880399,0.679827762,0.69829848,1205.034599
"48",4.723643055,2.796271598,0.679475579,8.495945826,0.009997,90.08455966,8.835768991,0.020368887,0.841253946,0.157920544,-0.01188283,0.032267499,0.680941368,0.852371476,1211.196157
"49",4.101489043,2.873456754,0.714401056,8.996058824,0.009422172,87.72352846,9.859152499,0.01889433,0.925935237,0.14769979,-0.007985223,0.033733299,0.624443278,0.828870977,1201.243083
"50",4.379640891,2.788075102,0.645850907,8.000470468,0.009422172,93.91562491,9.321662752,0.019269217,0.98975563,0.159487986,-0.015583442,0.048054999,0.707711877,1.04402697,1202.204992
"51",3.906479026,2.923110311,0.700996418,2.756854076,0.008922322,98.83665503,9.531776043,0.01769469,0.751409742,0.147758068,-0.008604007,0.041617999,0.701673391,0.728600979,1194.013603
"52",4.135461251,3.075257203,0.731592291,175.999479,0.009347195,98.11018207,10.65365984,0.018969307,0.920035776,0.155326571,-0.012359354,0.032322499,0.654601901,0.69360248,1186.928759
"53",3.976908598,2.909878883,0.709034177,9.490866113,0.00939718,98.41371647,9.969040371,0.019469157,0.90175136,0.151115255,-0.009594579,0.026194099,0.694206897,0.730781979,1194.822733
"54",3.690721589,2.896379197,0.673009232,176.7410577,0.009547135,96.79713692,8.932286673,0.018719382,1.106631324,0.148640705,-0.012184585,0.038025099,0.700849809,0.71635798,1198.996669
"55",4.363071929,2.867645772,0.680078635,3.498109217,0.009447165,91.4622758,9.400967542,0.01979406,0.833573141,0.153975819,-0.011446261,0.052297999,0.692468235,0.908879974,1193.092728
"56",4.050090875,2.891627463,0.680286103,10.50145218,0.00949715,94.17680131,9.94570504,0.018869337,0.899066757,0.149055768,-0.0092952,0.048721999,0.695048567,0.840773976,1194.556634
"57",4.247192781,2.895799986,0.586134237,3.254864109,0.00839748,104.9323003,16.60236552,0.017069877,0.528536983,0.097241354,0.017260955,0.040157399,0.674633605,0.774743978,1166.318419
"58",3.928664672,3.065396246,0.661218747,163.2619917,0.008322502,108.2039762,18.1930227,0.015620312,0.603798891,0.096075554,0.018573945,0.031148899,0.700063681,0.729697479,1175.218074
"59",3.685772263,2.987839811,0.662344571,176.2685425,0.008922322,105.1299995,8.856929665,0.018269517,1.002682936,0.147471943,-0.012477077,0.048172999,0.667299072,0.754796979,1206.416782
"60",3.806156597,3.001488067,0.699866348,176.4974502,0.008847345,96.99163235,8.865154766,0.019069277,0.75702856,0.144643735,-0.00889393,0.043653499,0.674155263,0.71228298,1187.261611
"61",4.014996774,3.067368463,0.67608164,176.9839763,0.008222532,108.4153658,7.948284717,0.018119562,1.099737203,0.160588222,-0.020567715,0.038729499,0.63701742,0.784612978,1180.35809
"62",3.736402938,2.963621942,0.6843004,13.00054533,0.00889733,97.28025383,9.263561187,0.0189943,1.04347396,0.148307284,-0.010799162,0.025563799,0.639820131,0.70765698,1186.832724
"63",3.658077616,2.992991063,0.639595173,3.008856913,0.007947615,108.2518637,9.469096678,0.016844945,1.072784423,0.152857999,-0.01557969,0.030087699,0.60329432,0.752559979,1181.388854
"64",4.00208493,3.048321749,0.724669683,8.246159179,0.009247225,95.28139167,10.23160384,0.019019292,0.813260285,0.146599166,-0.009044309,0.044529399,0.685567556,0.795808978,1180.824571
"65",3.387299639,2.911856833,0.601555049,8.750747614,0.00849745,101.3025393,9.737157492,0.016445065,1.031868772,0.140406029,-0.010476368,0.035581099,0.596130578,0.805015977,1195.881058
"66",3.799345588,2.876466431,0.566572609,170.5127788,0.008347495,103.5061502,9.999521808,0.018119562,1.116330249,0.15790416,-0.017291034,0.035450799,0.615546297,0.732559979,1180.210023
"67",3.753276104,2.834777665,0.583790025,8.754829809,0.00859742,102.2132043,9.207033401,0.017869637,0.978468354,0.153684673,-0.013062635,0.032271099,0.681965554,0.69401498,1201.031556
"68",3.739729962,3.136764291,0.681755619,176.5022888,0.008647405,106.1924272,7.605151151,0.019119262,0.973916649,0.145897619,-0.013069604,0.028234499,0.686504575,0.71825798,1197.21049
"69",3.853355577,3.06998891,0.674336483,12.74420274,0.008922322,96.15247648,8.808925189,0.019844045,0.856802865,0.145711277,-0.008563589,0.040583299,0.710963394,0.770280978,1178.368202
"70",3.660635735,2.908361287,0.568600509,171.4987472,0.008447465,106.2076333,8.36248227,0.017919622,1.02217804,0.149958032,-0.01514993,0.044664999,0.541563564,0.805011977,1185.49298
"71",4.401760322,2.885120462,0.590334925,3.251432988,0.007647705,104.7799091,16.5386077,0.015545335,0.555783731,0.099813101,0.019115091,0.036136499,0.672159484,0.794231311,1164.01639
"72",4.083027647,2.981407826,0.640787294,176.7505854,0.00769769,110.2420784,18.93103581,0.015220432,0.609160369,0.099317359,0.020513588,0.034036099,0.677518586,0.762950978,1167.940882
"73",3.81322235,2.959085307,0.618929478,176.5101835,0.008222532,111.8604326,8.621591423,0.018144555,0.940067667,0.153745058,-0.016573261,0.041722999,0.574510072,0.70238748,1180.686854
"74",3.93715161,3.061396991,0.735269919,176.7476315,0.009272217,98.3102071,8.478605127,0.018944315,0.912883789,0.152812343,-0.012725254,0.032548299,0.617407288,0.69786298,1203.2987
"75",4.363300232,3.032622697,0.593676675,176.7567989,0.007847645,122.3414524,9.223047385,0.01809457,1.142851414,0.173813537,-0.023588125,0.029319499,0.597967277,0.677328481,1185.302298
"76",4.099155901,2.880065153,0.60116972,13.5015781,0.008747375,102.4243686,9.453799082,0.018969307,1.04202354,0.156978744,-0.01743984,0.031103499,0.572458423,0.760576979,1188.30299
"77",3.912235558,2.898308919,0.544955161,3.24838382,0.007372787,120.1971243,9.690992859,0.016719982,1.167739429,0.160715605,-0.019728857,0.030243999,0.609430084,0.816415977,1203.298973
"78",3.891859934,3.037729154,0.674825361,3.004707336,0.008522442,104.1198852,10.67123508,0.017469757,0.936779624,0.150962407,-0.0114717,0.036084199,0.687239557,0.70949598,1182.316966
"79",3.706087191,2.852705522,0.53621449,8.752979078,0.00809757,109.3116196,10.17046487,0.017044885,1.09737475,0.146441405,-0.012746203,0.039080999,0.533512475,0.825700977,1184.427643
"80",4.211408719,2.860227073,0.532547508,170.4997192,0.008022592,120.5550047,9.173654831,0.018019592,1.001885169,0.164262934,-0.018455413,0.036405799,0.641020589,0.757129479,1188.294015
"81",3.88358972,2.837515842,0.552411042,4.251811772,0.0079976,113.1937267,10.07792251,0.017844645,0.970020229,0.154024292,-0.014504615,0.040765499,0.631658327,0.685704981,1182.859973
"82",4.126562898,3.128832263,0.705758813,176.4976188,0.008984804,107.3009128,8.510082303,0.019631609,0.87318384,0.159223753,-0.014722193,0.026294349,0.677106228,0.643725482,1199.465499
"83",3.987503516,3.118813219,0.669724265,20.24419417,0.008147555,105.7881108,10.06872263,0.018544435,1.053936929,0.151508999,-0.011394355,0.054090998,0.680333343,0.791008978,1183.769001
"84",3.76359944,2.892925684,0.557739425,171.4955555,0.007647705,113.035091,9.934788689,0.017019892,0.877046155,0.148949228,-0.016171741,0.037632899,0.475662345,0.826126643,1183.45481
"85",5.327108609,3.057801926,0.729499449,10.99895146,0.00869739,98.78218947,17.50789335,0.018219532,0.441278725,0.095798685,0.018203243,0.053520998,0.749373433,0.630057649,1176.75868
"86",5.270905388,2.993038968,0.706916504,163.2470369,0.009172247,96.37555212,15.16302197,0.01809457,0.462610257,0.097638921,0.016007488,0.041081699,0.686736935,0.513849986,1182.593055
"87",4.886176623,3.053300969,0.72784937,176.2532388,0.00969709,106.2996997,9.585212664,0.020368887,0.849331003,0.170844189,-0.01655954,0.046687499,0.688896368,0.623831982,1213.424657
"88",4.799887585,2.918565475,0.697687983,166.9980175,0.009622112,104.4489744,10.60318352,0.019769067,0.82252967,0.1721384,-0.018495845,0.038648199,0.729307232,0.71847998,1209.844178
"89",5.303142691,3.042888142,0.73303614,171.4940349,0.00969709,97.02892324,10.869424,0.019669097,0.830730828,0.181325834,-0.016403581,0.024206999,0.635061786,0.528945985,1216.291731
"90",6.030939208,3.014350752,0.728255836,171.2513365,0.009422172,102.1903104,10.71660873,0.020368887,0.769033354,0.173763524,-0.016223811,0.040696399,0.695763059,0.671982981,1196.624639
"91",4.785486694,3.095151997,0.737225492,164.7579564,0.009072277,105.1322334,10.92454687,0.018744375,1.026010823,0.173890884,-0.01303233,0.025934199,0.769471509,0.592519983,1193.551067
"92",5.877902561,3.092531266,0.646660577,7.997811839,0.0079976,117.2981977,10.56879763,0.01909427,0.831085766,0.178257702,-0.016999206,0.060368998,0.625897523,0.741251979,1191.378468
"93",4.706281476,3.108520395,0.685726543,168.2486867,0.009122262,106.1102914,9.543857343,0.019319202,0.789007047,0.1718667,-0.014174794,0.037198599,0.714900631,0.590963983,1195.386601
"94",5.435718014,3.035862101,0.733589096,42.74252522,0.010046985,93.29482072,9.800388218,0.01959412,1.007693918,0.183633853,-0.017362767,0.034449499,0.695676958,0.602924983,1239.378746
"95",5.293382027,2.942443285,0.739874111,163.4920102,0.010446865,94.42575034,11.43664322,0.020743775,0.759764869,0.166688318,-0.012807182,0.035174599,0.686813192,0.642270982,1194.637613
"96",4.513395833,3.120900234,0.729762007,176.4929488,0.009322202,108.4093984,9.415013454,0.020143955,0.772451031,0.172549886,-0.016374782,0.024354199,0.667707881,0.569192984,1201.720508
"97",4.551013846,3.105723277,0.708332842,163.2566801,0.009122262,102.9131896,9.680904875,0.020543835,0.752840871,0.165672082,-0.016191496,0.023999999,0.737519196,0.604414983,1200.174794
"98",4.795203911,3.07569277,0.713299451,3.009995155,0.00929721,104.216363,10.84531821,0.02049385,0.777722679,0.173857178,-0.01736273,0.045013999,0.617810194,0.632216982,1214.557679
"99",6.249969326,2.84924244,0.674561657,177.4851371,0.008272517,97.14284908,18.11795274,0.017944615,0.402139021,0.096421647,0.019102557,0.051975999,0.73111253,0.575452984,1188.923043
"100",6.249292277,3.018943458,0.623211551,163.2660053,0.00769769,105.8072003,16.41018497,0.018469457,0.412157822,0.096027156,0.018328931,0.033582999,0.654341798,0.556311984,1167.172662
"101",5.230605635,3.132993015,0.695768822,3.49750232,0.008522442,106.9271301,10.70530734,0.018619412,0.838741043,0.181545091,-0.017787668,0.039552499,0.58531902,0.622992649,1209.397212
"102",5.976250775,2.984670776,0.688733697,173.2490873,0.008247525,119.2441392,11.75426219,0.018569427,0.870833757,0.188548095,-0.020782697,0.037042799,0.670983901,0.696041647,1203.542052
"103",6.06946847,3.242340839,0.66907057,13.00724456,0.009522142,101.9285893,10.16047077,0.020368887,0.918979823,0.187230026,-0.014359178,0.024914199,0.583238811,0.417496988,1226.284447
"104",5.38825409,3.046370327,0.708213743,176.2500729,0.009072277,102.5686332,10.85104955,0.020643805,0.749848246,0.184188191,-0.018724872,0.038619999,0.710746894,0.551968484,1223.320133
"105",5.764738506,3.078823738,0.718444472,8.496308215,0.008622412,109.3497238,12.02735935,0.01919424,0.817118446,0.187548313,-0.014373283,0.032144499,0.712579434,0.528577985,1222.442682
"106",5.839035407,3.025170127,0.621486935,176.7578357,0.008122562,120.0650738,11.30890675,0.019144255,0.794733189,0.18683655,-0.021734625,0.058114998,0.579206612,0.765129978,1206.827138
"107",5.669992456,3.292347744,0.691591902,16.25011578,0.008272517,128.8921156,10.39741911,0.01949415,0.684839408,0.185766394,-0.015146581,0.043120999,0.642889407,0.560935984,1187.680499
"108",6.110496972,3.194965842,0.753806153,8.999899729,0.010171947,94.6997709,9.077485987,0.020218932,1.030599055,0.191626418,-0.015523585,0.031847199,0.693975963,0.492302986,1206.67466
"109",5.853155132,2.918565842,0.693818839,8.260994518,0.00929721,107.5249115,11.37259589,0.02049385,0.7298464,0.188320176,-0.015592411,0.043032799,0.674975736,0.569057984,1207.616562
"110",5.336839518,3.219844326,0.755083217,2.761143866,0.008772367,111.5501976,10.40445183,0.019919022,0.849732067,0.191520146,-0.019806727,0.034777799,0.740935875,0.540055485,1211.880293
"111",4.968603596,3.091179118,0.724252543,7.491615421,0.009072277,108.9753776,9.490326792,0.020568827,0.805068416,0.181705808,-0.020691808,0.032211999,0.660301868,0.603423983,1207.505567
"112",5.770046911,3.088179116,0.711810961,171.5028888,0.008172547,114.1851842,11.01339389,0.021118662,0.748616154,0.188748301,-0.020202148,0.036142999,0.641342962,0.646124982,1210.826767
"113",6.497522559,3.076191921,0.608100107,177.4931398,0.007247825,109.1646839,18.53648709,0.017344795,0.415662843,0.092556783,0.018867183,0.050070999,0.65267082,0.525838819,1159.133546
"114",6.03551563,3.244935503,0.708044985,164.0018018,0.007747675,93.60382452,15.43755291,0.019319202,0.436862813,0.096434637,0.015244239,0.026246399,0.675041846,0.411350488,1184.580177
"115",6.508570959,3.245058664,0.723633898,162.9971926,0.008272517,125.1166348,10.28470449,0.019269217,0.669817773,0.197607612,-0.017748524,0.043730999,0.696600003,0.598366983,1199.997213
"116",5.252583301,3.004401701,0.737893235,176.9987183,0.00919724,108.0576287,10.21693243,0.02129361,0.745242329,0.186751924,-0.01541224,0.035466299,0.788792498,0.468554987,1208.621098
"117",6.919499362,3.44137093,0.716942231,170.5027913,0.00989703,98.87880915,10.54293415,0.020643805,1.062697069,0.196580461,-0.013422035,0.038796899,0.673615991,0.390974989,1204.698272
"118",6.833913421,3.094240484,0.656973828,168.7561445,0.0089973,112.6505469,11.43794906,0.020668797,0.697685735,0.19673866,-0.016956262,0.042937399,0.711495765,0.561814234,1216.138863
"119",5.996781877,3.300986513,0.772955351,166.5006947,0.008922322,106.1703526,9.170187512,0.019044285,1.167604451,0.192475624,-0.01663637,0.032269699,0.651572405,0.537760985,1220.421102
"120",6.009789398,3.199081748,0.713336725,3.250407746,0.008147555,112.9984187,10.39013994,0.020518842,0.726247902,0.18713489,-0.017877213,0.044640299,0.656903201,0.633905982,1228.411786
"121",6.877312878,3.116729018,0.539665409,3.494001835,0.007322802,128.440378,11.34735808,0.018519442,0.745237685,0.197968465,-0.016649278,0.047992999,0.614443181,0.624885982,1206.486818
"122",7.351486364,3.097645995,0.600194845,173.741858,0.008672397,117.3990579,11.02467087,0.019419172,1.07200798,0.196036844,-0.012824158,0.034305699,0.64988514,0.510658986,1229.544742
"123",6.366756087,3.033674244,0.640462326,11.00311951,0.008722382,111.8655464,11.23982011,0.020343895,0.719155771,0.195256523,-0.011925712,0.038732599,0.681846896,0.469037987,1212.505347
"124",6.280757616,3.180842081,0.667951434,163.5077477,0.008822352,106.9451935,9.793294585,0.020918722,0.873637696,0.201304265,-0.01618479,0.034756599,0.720931883,0.478210987,1213.562679
"125",5.398805203,3.114701129,0.649883755,3.24066923,0.008772367,120.1381793,9.690041632,0.020518842,0.76396072,0.190013726,-0.019170161,0.035123999,0.627106875,0.555828984,1217.14174
"126",6.319490357,3.020152717,0.596946231,171.492128,0.008322502,122.2327317,10.5167788,0.020543835,0.749897128,0.198716878,-0.016845143,0.035814499,0.625591078,0.572168984,1193.495818
"127",6.882795877,2.999700417,0.589569752,3.488157039,0.007272817,105.8444115,17.49696181,0.018219532,0.392444003,0.088660384,0.019133045,0.059776998,0.604620263,0.552139984,1157.04075
"128",6.681478654,3.149395658,0.654757802,14.00310805,0.00819754,105.8456663,14.95595798,0.018469457,0.391295913,0.096378223,0.012606477,0.034277899,0.700292949,0.461920987,1172.117721
"129",5.814673046,3.257579122,0.730339928,163.2449524,0.008722382,123.5759126,10.79615357,0.01979406,0.697504634,0.194664317,-0.015647733,0.043064999,0.630409647,0.530046985,1234.57528
"130",6.945069453,3.296054215,0.780681172,8.509453904,0.008372487,112.2518011,10.58760448,0.02019394,0.877328017,0.199306609,-0.018129853,0.037991999,0.774064368,0.617286983,1238.231252
"131",7.668252003,3.170228432,0.634288357,176.9904393,0.00819754,103.7573832,11.48290604,0.019069277,1.069327621,0.193428779,-0.01083801,0.035306899,0.603530179,0.421212655,1198.703698
"132",7.403401065,3.193147612,0.637597308,31.75608765,0.007347795,117.9297736,11.2396248,0.01889433,0.813247681,0.208368298,-0.01731852,0.046117799,0.737943139,0.526199985,1187.826011
"133",6.524402298,3.322748034,0.680200628,166.2569387,0.008422472,123.7147565,10.59834054,0.019419172,1.059537231,0.196062794,-0.014675972,0.042505999,0.603960588,0.502954986,1204.625983
"134",6.279488809,3.491104283,0.72040723,171.2485807,0.008022592,120.3434587,11.64947111,0.020143955,0.637960506,0.198267386,-0.017381977,0.045369599,0.721003106,0.578512484,1191.013843
"135",6.35592769,3.019527482,0.465228705,174.2534883,0.007647705,125.9621257,12.38520701,0.018319502,0.783316699,0.193785284,-0.014567165,0.042875399,0.617611673,0.507376986,1201.320726
"136",6.395947257,2.864657094,0.444121987,171.4866297,0.008722382,111.6480439,10.7415632,0.017669697,0.86323038,0.174707755,-0.00970652,0.032494499,0.561176576,0.505625319,1235.98327
"137",5.845988798,2.916322303,0.546467931,163.4939312,0.009147255,101.9841023,12.44408768,0.020118962,0.751548514,0.182894714,-0.009560954,0.032984899,0.677896848,0.461248987,1211.548182
"138",6.738317538,3.120532192,0.65420144,163.5029175,0.008872337,113.2385246,10.68102721,0.020468857,0.847442489,0.198267896,-0.015886772,0.038491599,0.589331061,0.527945985,1222.459424
"139",5.660592145,3.190303395,0.652524771,173.9925398,0.008572427,108.1867683,10.60702366,0.019644105,0.920209605,0.196922478,-0.020053911,0.040396999,0.699227701,0.538076385,1218.756776
"140",6.337048719,3.03456376,0.567361635,167.7460189,0.007947615,114.9880924,10.84579397,0.020168947,0.693249568,0.196354487,-0.016286066,0.035221199,0.595507441,0.610383983,1212.89622
"141",8.516830179,3.339776719,0.632850034,163.4957376,0.007747675,105.3995285,16.52832862,0.01969409,0.337530789,0.085438102,0.016524872,0.052170999,0.706066352,0.393668489,1181.895261
"142",8.071865341,3.118299155,0.665594005,163.4965516,0.008447465,100.3615331,13.2034157,0.02149355,0.325917782,0.099230588,0.009986588,0.031502599,0.606504258,0.373192989,1197.565167
"143",8.590405399,3.341910801,0.693655484,163.2448102,0.008322502,125.520782,9.377544002,0.021568527,0.621249795,0.204322457,-0.013638735,0.040748999,0.659514672,0.469861987,1221.715553
"144",7.720010219,3.236760903,0.763270782,3.009812417,0.009447165,110.6017928,11.54364875,0.020668797,0.84426158,0.201551058,-0.013377115,0.035655299,0.644493734,0.467878987,1213.721005
"145",7.285223657,3.063908131,0.589011434,176.9987767,0.00919724,100.9178152,10.45220011,0.019519142,1.13105521,0.185588847,-0.009822395,0.034580799,0.625926458,0.36357599,1209.326656
"146",7.620109992,3.176858456,0.594162337,176.9799191,0.007647705,127.3998517,11.81887885,0.01949415,0.869576142,0.207844348,-0.018014,0.039809999,0.557923393,0.553399484,1202.562835
"147",7.14756291,3.074418365,0.586735526,176.9858039,0.008922322,111.4248655,10.32074358,0.019069277,0.990431178,0.194543264,-0.012813902,0.045826999,0.580388186,0.471114987,1203.357917
"148",7.10844433,3.554515095,0.668645639,166.7538185,0.008072577,125.605897,11.46154816,0.01909427,0.798456037,0.202871835,-0.01821068,0.063635998,0.67172042,0.630490482,1188.770328
"149",7.319840917,3.335929721,0.566382039,3.263035854,0.007872637,120.3404936,10.547819,0.018919322,0.799727112,0.198581075,-0.012951574,0.049963999,0.589032016,0.484328986,1217.326002
"150",10.22369912,3.02735767,0.5462838,163.0049486,0.009472157,103.3704972,10.81761911,0.020668797,1.089592495,0.184164477,-0.01058512,0.036634199,0.629644463,0.479279986,1246.995496
"151",7.623875939,3.116449099,0.642373602,163.257373,0.010471857,93.79317168,11.66913889,0.022718182,0.876968286,0.186704214,-0.009778456,0.039717299,0.657430942,0.466516987,1234.230274
"152",8.59862037,3.42277226,0.696871971,163.7497584,0.009472157,108.9968365,11.44339624,0.02139358,0.903988485,0.206721511,-0.014270809,0.040328699,0.600570706,0.515730652,1224.887759
"153",6.787993034,3.599240613,0.711410668,13.24569638,0.009147255,111.5552617,11.10058912,0.021218632,0.868333054,0.211564745,-0.018540925,0.037128699,0.681516267,0.524175319,1221.235586
"154",8.227231287,3.220001986,0.617844645,163.2520313,0.008322502,120.5444624,10.7631453,0.021043685,0.696768506,0.208029311,-0.016133599,0.042767999,0.604278025,0.589108983,1216.497076
"155",7.484496222,2.764180992,0.406473082,172.7404545,0.006672997,114.826244,15.55256889,0.017244825,0.353027895,0.096361154,0.016551689,0.059363998,0.597448453,0.510178986,1180.305069
"156",6.450699609,2.622455601,0.496227774,2.769823358,0.00859742,103.2627164,13.44652478,0.019244225,0.388282803,0.11227983,0.00921529,0.033125499,0.586229309,0.440139988,1207.859111
"157",7.758266801,3.098949022,0.648651416,163.0069829,0.008822352,115.4413429,10.05840234,0.020318902,0.743773859,0.196344769,-0.013115861,0.045864999,0.709046394,0.446064987,1229.256705
"158",6.66475378,3.330739777,0.788803888,163.4881138,0.010271917,98.88737292,10.85167943,0.020943715,0.976921067,0.194223279,-0.012004728,0.028944199,0.617351412,0.425511788,1211.08964
"159",7.107712184,3.148471297,0.717501511,165.253821,0.009572127,106.3083764,16.91792538,0.019144255,0.827935754,0.184239022,-0.007638184,0.026639499,0.631274788,0.36298649,1197.691676
"160",7.277666393,3.447298569,0.768139941,177.234857,0.008822352,109.7786594,11.20202494,0.02069379,0.729815022,0.202352572,-0.014375554,0.041795299,0.669883727,0.478874987,1229.627784
"161",7.546474488,3.430859823,0.719005383,165.0074716,0.009172247,106.4546792,10.25586246,0.019469157,1.072258586,0.18819557,-0.011214586,0.041701499,0.620602002,0.424323988,1215.341952
"162",7.292092127,3.569472678,0.693782679,2.995879413,0.008122562,128.4624369,11.33821568,0.019844045,0.750442588,0.20715215,-0.016350643,0.057319998,0.654189298,0.529211652,1216.452095
"163",6.604260042,3.154195343,0.601346464,3.247012818,0.008622412,107.2603967,11.03528041,0.01929421,0.781981771,0.192201734,-0.01070775,0.041011399,0.610381529,0.419552738,1199.808137
"164",8.258599633,3.11164584,0.617898123,161.0017852,0.009322202,107.4727827,10.08564769,0.020068977,0.967983361,0.187798085,-0.010713321,0.036936299,0.643423799,0.472162653,1242.525408
"165",6.473268289,3.077183724,0.696919067,163.2421817,0.009622112,102.8277274,12.25691039,0.021043685,0.729565026,0.185823359,-0.008414825,0.030302599,0.600070049,0.435382988,1231.505485
"166",7.785551179,2.82834106,0.460226857,2.753480996,0.008472457,115.6026375,11.80154824,0.01929421,0.836177693,0.19503013,-0.013141389,0.041305399,0.579400629,0.524251985,1233.317123
"167",6.372282193,2.860293072,0.459415468,2.759201652,0.007947615,116.6932496,11.59285818,0.01879436,0.842751098,0.196228619,-0.017188622,0.037836399,0.467796167,0.563526984,1209.505077
"168",6.598888655,2.786191174,0.376155674,175.9973592,0.007847645,128.1757756,11.04679082,0.01889433,0.562954194,0.185530011,-0.013242438,0.030724999,0.550830277,0.631732982,1225.686656
"169",8.119634496,2.851261565,0.501320839,2.771740882,0.007272817,114.1960236,16.10863406,0.01709487,0.328945174,0.095253971,0.014886277,0.051496999,0.541001896,0.504289986,1180.160252
"170",7.096978905,2.730862832,0.567506142,166.7455232,0.008247525,102.8529916,12.7547448,0.018944315,0.331884951,0.109946347,0.008184104,0.032000899,0.662112385,0.494367986,1197.3197
"171",6.676439766,2.837407218,0.494149549,172.2379219,0.007347795,121.5013764,11.88293107,0.018269517,0.666690294,0.188602133,-0.013347588,0.046457999,0.560989323,0.579916984,1187.654872
"172",7.518545534,2.834822924,0.587794348,163.4992861,0.009372187,108.5826104,11.26875884,0.019519142,0.761757069,0.185598957,-0.009836293,0.031411399,0.680597576,0.490429986,1200.966799
"173",4.984319238,2.615624438,0.447495894,167.7524337,0.009722082,99.71381614,11.12965875,0.018169547,0.806108539,0.153270153,-0.005725779,0.028067799,0.515437403,0.394246489,1212.063246
"174",6.491751227,2.858317965,0.523063995,176.7533119,0.00859742,114.1095006,11.79949532,0.01949415,0.734790739,0.188310074,-0.014822051,0.038195999,0.601953604,0.59102765,1220.856433
"175",5.470598,2.70846322,0.503385629,172.255556,0.00849745,106.9881345,14.32526725,0.01829451,0.773832187,0.16311158,-0.004592532,0.040302899,0.61218614,0.402184989,1182.185276
"176",7.30062107,3.000258141,0.615731745,176.253259,0.0079976,124.6780093,11.25494621,0.018244525,0.810052398,0.193253397,-0.014683435,0.039421299,0.602239388,0.637835982,1194.608384
"177",6.105904198,2.712305487,0.443265031,177.2463398,0.008147555,108.8165542,13.28334844,0.017544735,0.654885945,0.169996379,-0.008441051,0.031958499,0.532043655,0.531000985,1219.327365
"178",5.913516099,2.526805921,0.251116839,171.5032971,0.0089973,104.8030478,12.00132418,0.019044285,0.662148677,0.166122191,-0.007369507,0.027086799,0.479116737,0.502416653,1226.075538
"179",5.800114413,2.352954952,0.201478018,170.2565769,0.009447165,108.4607792,11.0610034,0.018869337,0.483869697,0.161451995,-0.006362527,0.029607199,0.619951264,0.491054986,1239.921175
"180",7.026185495,2.7765105,0.432066775,171.2481789,0.008672397,114.7251329,11.28837654,0.018344495,0.725023427,0.185114745,-0.012103855,0.033124699,0.610359776,0.558223984,1213.396743
"181",6.016544052,2.848991392,0.416006446,3.00693601,0.00829751,113.5191672,11.77865925,0.018869337,0.893213537,0.190640589,-0.01616651,0.041314399,0.529515673,0.621097982,1207.200039
"182",7.039864785,2.736130336,0.390517664,170.7545359,0.008247525,122.6868372,12.10799583,0.019019292,0.583449872,0.180235168,-0.012838591,0.031293399,0.526100207,0.655542982,1219.241579
"183",8.778543828,3.104304956,0.6221247,13.24015054,0.008072577,105.4582114,15.19152603,0.020168947,0.311452883,0.096031682,0.011251565,0.047835999,0.608867119,0.395630989,1205.514217
"184",6.923668337,2.774649377,0.653640165,80.75013872,0.0079976,102.3822742,14.12532142,0.019119262,0.356993427,0.117907482,0.008082161,0.024969099,0.722169759,0.449128987,1204.569774
"185",7.546576485,3.02339972,0.67049074,175.7677724,0.008622412,116.9690954,10.35721861,0.019969007,0.618897645,0.184327126,-0.009352389,0.044712999,0.716465226,0.475809987,1202.237162
"186",7.130087116,2.863407292,0.598014546,166.4986166,0.00919724,105.6320528,12.41141989,0.019169247,0.74145125,0.186645002,-0.010090828,0.028488799,0.660985039,0.422439988,1217.76732
"187",6.79989868,2.923672827,0.571099554,164.2451687,0.010471857,94.64074617,10.61107619,0.02029391,0.770466318,0.169380411,-0.006177096,0.021650599,0.486843312,0.324523991,1219.383625
"188",7.511794385,3.11601476,0.623555503,163.4961775,0.008672397,114.4152191,12.45162746,0.02179346,0.538309329,0.192455392,-0.010868392,0.038486399,0.584319289,0.455998987,1224.578619
"189",8.888210265,3.373124916,0.697538483,165.4957142,0.009272217,106.5217267,11.07141781,0.020018992,1.053526846,0.190352366,-0.008156108,0.028209599,0.629832911,0.393023656,1236.026633
"190",8.272909567,3.115165161,0.557044937,176.9885086,0.00749775,130.4183931,11.76128423,0.020068977,0.711030746,0.209299494,-0.016051349,0.053304998,0.646901772,0.613158983,1219.808119
"191",5.843553213,3.125729931,0.689242726,166.5141317,0.008347495,115.496008,10.06879972,0.018569427,0.836396353,0.183247565,-0.010110915,0.037307799,0.637078468,0.441402488,1221.733919
"192",7.248636505,3.383133997,0.710356701,161.7536048,0.009872037,93.13245547,10.16564719,0.020168947,1.043806923,0.178085856,-0.00730947,0.028547999,0.598799039,0.34113299,1212.490391
"193",6.638423598,3.177353106,0.762498747,163.2409271,0.009447165,99.51252753,11.23785896,0.020343895,0.913929078,0.181191036,-0.007658098,0.027322599,0.654999727,0.388065989,1214.504312
"194",6.500122614,2.954289464,0.686316061,163.4957079,0.00969709,102.4144062,10.70920546,0.02029391,0.709817607,0.182735113,-0.009738607,0.035156599,0.501255027,0.402160989,1221.851329
"195",6.064601562,2.975332789,0.641176513,163.499883,0.009347195,104.7631091,11.1755053,0.020668797,0.74389271,0.18626775,-0.013219933,0.032135199,0.60969083,0.463190487,1236.989113
"196",8.744821179,2.998953984,0.604859594,163.2496042,0.008722382,110.8023163,10.04488418,0.02159352,0.55782552,0.188854273,-0.009304778,0.033415999,0.615911912,0.411265488,1221.650568
"197",8.7193552,3.74667279,0.72485171,16.76290483,0.00859742,96.19057296,15.63422882,0.019944015,0.324523665,0.084270419,0.013361649,0.047608999,0.584613853,0.333298991,1185.039855
"198",8.862704679,3.05038288,0.637297248,16.75620047,0.008572427,94.79975381,12.61863526,0.01949415,0.302308176,0.093788628,0.0101841,0.034664599,0.629888461,0.34361299,1201.002228
"199",6.272814473,3.176791929,0.702522698,157.9977487,0.009622112,109.0943014,10.70348236,0.019519142,0.67922211,0.181921029,-0.008745609,0.039785499,0.700813722,0.37223499,1208.369693
"200",7.53975301,3.126488843,0.720371825,159.501081,0.009522142,106.4504163,11.62838246,0.019844045,0.64135643,0.188710214,-0.009191542,0.028302699,0.6105289,0.401893989,1224.677509
"201",5.744131935,3.020373486,0.731843248,159.7477858,0.011371587,84.0441468,10.75515181,0.02089373,0.983988515,0.159032846,-0.00517067,0.022033899,0.536287529,0.260451493,1221.472027
"202",7.163385726,3.349751539,0.687736744,159.4994679,0.009922022,108.6960639,11.14950489,0.021368587,0.64060153,0.190071705,-0.010965145,0.052859999,0.672582302,0.432734988,1212.118929
"203",8.297281586,3.533490164,0.698078172,160.4999946,0.0089973,107.3017393,11.27164247,0.019469157,1.024160244,0.189764933,-0.009451062,0.035019899,0.621997161,0.405040989,1224.06836
"204",7.463467847,3.328958555,0.65437964,3.234015266,0.008272517,117.6485502,12.13385702,0.019144255,0.728258382,0.20180272,-0.014773839,0.041372999,0.548798627,0.537103985,1202.092962
"205",7.554503101,3.405165517,0.660575851,4.00174516,0.008272517,120.9497302,11.31358719,0.01879436,0.765584158,0.195787476,-0.011945594,0.048833999,0.65049434,0.444645987,1203.50885
"206",7.252775787,3.091974409,0.608816658,159.0017121,0.009522142,104.74028,11.03214126,0.020368887,0.802113039,0.173907459,-0.007951449,0.030712599,0.679456193,0.444092987,1213.29907
"207",7.689054077,3.113476114,0.569673856,159.2497141,0.009372187,101.60138,10.77518004,0.019619112,0.805500613,0.183440439,-0.008694603,0.030027099,0.507790824,0.425651988,1235.59106
"208",8.14758564,3.492076901,0.696461705,160.2435439,0.009047285,108.2136339,10.85494252,0.020068977,0.897004601,0.192746759,-0.01135074,0.040591999,0.694545552,0.456394987,1234.842445
"209",6.842411543,3.669587293,0.758538356,12.98863729,0.008872337,108.8829501,10.84183494,0.020943715,0.845608548,0.205540126,-0.015574914,0.037153999,0.677697065,0.494587986,1219.9846
"210",7.837199869,3.143236432,0.599732103,159.7587516,0.008472457,114.7194932,10.67027615,0.020568827,0.668554611,0.20126503,-0.011845106,0.036365999,0.625823471,0.461594987,1243.035555
"211",8.715090099,3.181142085,0.651287732,177.7252213,0.008572427,99.73540486,15.88880636,0.020043985,0.312313976,0.090192063,0.011678641,0.055283998,0.734634498,0.357846323,1207.919934
"212",8.684120461,2.920834826,0.597290632,10.01099255,0.008222532,104.778627,12.98362922,0.019994,0.30564571,0.099091681,0.010552832,0.036779899,0.674144768,0.398464989,1209.267817
"213",7.553653782,2.983566591,0.627588687,10.25367923,0.008572427,108.2852153,11.65502308,0.019769067,0.700107563,0.184535151,-0.008002554,0.038398799,0.634226807,0.434402988,1226.148985
"214",7.945718583,2.788056693,0.572099487,176.7483241,0.008672397,120.0757615,11.85270614,0.019444165,0.592100653,0.186890864,-0.009931423,0.034031099,0.556903975,0.569485484,1220.757844
"215",8.484289231,2.837904779,0.589588456,163.7460219,0.010321902,99.15382306,10.70076785,0.020668797,0.772210448,0.167321474,-0.005982436,0.022884299,0.532267068,0.394442989,1231.251017
"216",9.253603396,3.172271584,0.667168636,163.7548124,0.008172547,119.8862738,11.77629599,0.020643805,0.677062639,0.201274259,-0.015558084,0.052516999,0.608980331,0.621822316,1234.625814
"217",7.607866506,3.051595814,0.620036043,176.7392966,0.008947315,107.1121551,10.05250466,0.020118962,0.829594458,0.184727804,-0.007970518,0.029491199,0.67863759,0.415665388,1213.694817
"218",8.365824769,2.933586735,0.54243209,177.2486118,0.008022592,129.6781209,11.55048691,0.018269517,0.696736248,0.196661988,-0.016053524,0.054780998,0.607713973,0.634713982,1223.413989
"219",7.062825115,3.254105562,0.687960489,170.2586275,0.008747375,112.6541633,10.68777043,0.01979406,0.608893568,0.189750903,-0.00963294,0.043848599,0.654328458,0.414753988,1240.427157
"220",7.148162861,3.222900227,0.684254983,14.00162388,0.01059682,91.38987711,9.267592614,0.020443865,1.021014244,0.173890573,-0.007591944,0.031796599,0.736180386,0.36628099,1218.054042
"221",6.893101714,3.042085045,0.675388505,160.9935962,0.009347195,100.0829036,11.60180292,0.019819052,0.842811104,0.177714807,-0.007961542,0.029036999,0.631169158,0.408547988,1205.523269
"222",7.541176257,3.123585555,0.697285864,162.9974298,0.009172247,106.1376763,11.41627837,0.02039388,0.883084174,0.185776488,-0.010420466,0.037468699,0.669067965,0.447672237,1207.245052
"223",7.293064677,3.265095532,0.665164503,163.5018134,0.0089973,108.0093719,9.935035078,0.019244225,1.027521554,0.196615699,-0.01525252,0.031469999,0.670995208,0.582732984,1213.320139
"224",9.755224835,3.34207624,0.70298603,163.2539365,0.008672397,117.2870997,10.1650997,0.02059382,0.680047772,0.196233455,-0.011759168,0.036885999,0.619640669,0.516420235,1207.086627
"225",9.896658501,3.200879643,0.420316568,3.005437046,0.007472757,104.4434309,16.53239856,0.018219532,0.283581115,0.083810725,0.015905603,0.060423998,0.585604943,0.401207989,1201.785679
"226",6.538469868,2.843281742,0.59780421,14.24543646,0.008647405,93.41867479,13.49235773,0.018919322,0.377381057,0.102760779,0.007964071,0.029467999,0.620118638,0.36959299,1197.55954
"227",8.104986794,3.133901982,0.633149907,172.4905164,0.008647405,112.0603077,9.379015682,0.019519142,0.794620375,0.192332485,-0.012452762,0.044074999,0.727827889,0.480755986,1219.940231
"228",8.447102267,3.470274115,0.795915953,163.7555177,0.008672397,113.7782662,10.45736551,0.019469157,0.79171624,0.198568386,-0.012057592,0.037629799,0.66420784,0.480138986,1218.975231
"229",6.805372689,2.89961935,0.644136832,170.0022144,0.009947015,95.49125055,11.0642666,0.01919424,0.946990244,0.166552993,-0.006642128,0.023401899,0.668116218,0.409731988,1228.162087
"230",9.360555287,3.370052346,0.688217308,176.5064058,0.008322502,110.3974055,12.02492327,0.020418872,0.812087831,0.208296606,-0.016942499,0.053624998,0.677437698,0.529563735,1212.417031
"231",8.700674582,3.528346734,0.716168295,172.2437753,0.00909727,106.6227397,10.84518398,0.020118962,1.105257069,0.194235522,-0.011905463,0.038258399,0.751464136,0.500080486,1228.115787
"232",8.052216342,3.433651044,0.714612678,3.00083332,0.008447465,117.0655852,11.32202294,0.019669097,0.753723844,0.206044008,-0.016969992,0.046811099,0.623327481,0.585396983,1210.907898
"233",7.316009852,2.996600054,0.45692003,176.0147641,0.008022592,126.7979755,11.60601753,0.018644405,0.882233436,0.187005172,-0.013228307,0.047505499,0.507936281,0.618647983,1202.930938
"234",6.267540312,2.767182534,0.48336375,170.2501642,0.009222232,102.7226528,10.87646285,0.01839448,0.837515256,0.168921003,-0.007927808,0.022497199,0.530164584,0.498637486,1222.714089
"235",6.147690878,2.87950018,0.541731323,162.9960986,0.008722382,103.8710522,10.61120979,0.019369187,0.785065811,0.17345734,-0.008743095,0.026253199,0.622681497,0.467087987,1228.423531
"236",7.501534333,3.062988867,0.534651578,166.7542279,0.008722382,115.2441595,10.60303946,0.019469157,0.743172135,0.189093698,-0.012733995,0.041714599,0.621663318,0.531846985,1226.042202
"237",6.728106848,3.093182439,0.560005421,163.4990083,0.008422472,115.679221,9.564672245,0.01909427,0.846759586,0.197675351,-0.017921901,0.037663799,0.644919674,0.618185483,1246.392513
"238",8.130899353,2.961339612,0.510070509,163.7458527,0.008272517,120.5423134,12.63088622,0.019819052,0.60249603,0.185624898,-0.011643565,0.033911999,0.620736265,0.596988233,1205.737408
"239",9.097298472,3.093749589,0.508129059,3.244108441,0.00739778,105.2152229,14.76195774,0.018069577,0.291389255,0.087674614,0.012658473,0.057775998,0.609330544,0.425389788,1185.062855
"240",6.162826913,2.80264352,0.507757354,167.7480797,0.009347195,96.24219122,12.12297654,0.019269217,0.37955426,0.108966723,0.006683753,0.030727799,0.597919798,0.375213989,1194.091515
"241",7.245424548,3.027127013,0.536944564,177.2424385,0.008622412,113.2108153,13.25486032,0.018919322,0.691802189,0.180936154,-0.009215954,0.040668499,0.649045296,0.397259989,1212.592508
"242",9.274046693,3.033628635,0.619516748,163.2440185,0.009322202,102.5120974,11.33558121,0.021068677,0.859514757,0.185649035,-0.008742931,0.031847599,0.557204387,0.436254988,1208.572144
"243",5.812390154,2.776768329,0.577567364,163.7550098,0.01019694,93.78460036,11.72020625,0.01839448,0.839734914,0.160395063,-0.005481224,0.019881099,0.466881806,0.36541949,1226.229027
"244",7.928916001,3.260572364,0.615399801,176.9969407,0.008747375,119.2962148,10.20351267,0.018844345,0.769311086,0.19453273,-0.013135035,0.051536999,0.571775683,0.491844986,1230.212026
"245",9.695391117,3.242344884,0.638337581,163.5009021,0.008772367,111.1686545,9.664819607,0.019119262,0.991846571,0.196507637,-0.01129688,0.038465099,0.553111254,0.493660986,1226.078123
"246",8.183040345,3.457235412,0.689045401,163.5006516,0.008047585,129.4112533,11.35776915,0.018769367,0.909955705,0.208302537,-0.015166895,0.043398699,0.632034072,0.516838985,1216.564374
"247",6.13419941,2.862387145,0.458688313,3.246747118,0.008222532,117.2895248,10.9757293,0.018169547,0.818558368,0.179141415,-0.009333229,0.031445899,0.528957517,0.431617488,1200.83964
"248",5.646709207,2.688623153,0.44868881,171.5015573,0.009147255,108.0217157,11.29807893,0.018044585,0.811707718,0.162776256,-0.005530851,0.021644099,0.508430064,0.382375323,1224.117653
"249",5.74973796,2.88738951,0.552257977,160.2459449,0.009372187,101.6775354,12.04625688,0.019444165,0.83380511,0.165242105,-0.006354769,0.027108399,0.597436454,0.374681239,1218.94181
"250",6.796746755,2.924308383,0.475922397,162.9870096,0.009072277,107.3059323,9.874012895,0.01969409,0.86773497,0.185195715,-0.011045978,0.033536399,0.560903465,0.443639988,1235.202819
"251",6.232603493,3.099607857,0.580268738,163.0038495,0.00929721,105.6277872,10.87869582,0.021418572,0.824620226,0.192935212,-0.013612055,0.030113999,0.678069436,0.467958987,1208.172734
"252",6.670890627,2.911076521,0.428277856,163.2448162,0.008047585,111.7419243,9.819178075,0.019569127,0.766329876,0.17962562,-0.010758637,0.029281399,0.603489826,0.522457985,1202.552443
"253",7.059863667,2.587980017,0.404373369,176.4958542,0.00729781,115.2246416,15.79694117,0.01819454,0.349242425,0.12608909,0.009069039,0.056424998,0.599160553,0.626770982,1208.877339
"254",5.634050668,2.600573849,0.455004445,9.252312315,0.00819754,105.6537981,13.48376549,0.018244525,0.430297027,0.124129923,0.006342089,0.023549299,0.52013985,0.524331985,1204.57698
"255",6.090143042,2.600760526,0.388136447,176.9971663,0.007672697,120.1211247,12.56998621,0.017744675,0.565245163,0.16999192,-0.009686758,0.045274999,0.542300556,0.546133985,1213.169838
"256",5.868610422,2.591266433,0.464522625,173.9966191,0.00909727,105.4740005,11.14126748,0.018919322,0.539429948,0.160785341,-0.00563471,0.030932099,0.574901074,0.446496987,1224.678694
"257",5.216138564,2.510683781,0.409860232,171.5165045,0.008722382,103.1711846,12.02977191,0.017419772,0.469895777,0.148484626,-0.004563897,0.020951999,0.485148219,0.452023987,1209.02716
"258",6.23594813,2.626352813,0.406838268,177.0075962,0.008422472,113.3369907,13.05256159,0.01919424,0.548589764,0.168877844,-0.009288531,0.042484999,0.489328928,0.570777984,1222.42242
"259",4.84383239,2.61757391,0.461778388,172.7518389,0.008347495,108.567956,12.37936093,0.016819952,0.630417526,0.149280671,-0.004944799,0.026155299,0.558866428,0.487635486,1198.34686
"260",5.608087187,2.684706899,0.536887405,173.7353679,0.008247525,111.8970519,12.22414124,0.01809457,0.531066276,0.16132082,-0.0074089,0.035934099,0.578817754,0.611952983,1221.601124
"261",5.490726366,2.67136284,0.429856773,176.7401355,0.007947615,119.9572549,13.24423974,0.01639508,0.464638677,0.147114373,-0.003333913,0.022850899,0.429862265,0.560350984,1203.830748
"262",4.218332501,2.492948558,0.35584445,167.0067828,0.009022292,102.0038415,11.92772237,0.017144855,0.609041378,0.135366388,-0.001368176,0.023653799,0.514177596,0.458484987,1216.823754
"263",5.045821151,2.66161682,0.385267767,172.242888,0.008247525,107.4099172,11.46178958,0.017419772,0.596257444,0.153047602,-0.004945623,0.031762899,0.567017996,0.553180984,1203.693123
"264",5.307598073,2.593688397,0.362980427,163.003286,0.009022292,102.773988,11.2772229,0.018619412,0.646973047,0.163194193,-0.008526824,0.031495399,0.569898731,0.521322985,1197.541343
"265",5.346856674,2.676174592,0.405512693,176.5014029,0.008472457,104.2025919,14.15064749,0.018644405,0.661315157,0.168241556,-0.009543523,0.033641199,0.603035267,0.579463984,1213.899173
"266",5.525331804,2.575572099,0.368163509,170.7586232,0.00789763,109.0942128,11.36486325,0.017444765,0.563158814,0.158279466,-0.007518055,0.028862299,0.504459745,0.659032981,1198.614583
