"ID","TOOL","NAME","HOURS_PRED","HOURS_CLAMPED","STEMS_PRED","STEMS_CLAMPED"
2,"UW2","01_EPPNA_UW2 cut 200x200 - EPPNA_UW2_20x_10-1",9.40073333333333,9.40073333333333,35699.2848333333,35699.2848333333
3,"UW2","01_EPPNA_UW2 cut 200x200 - EPPNA_UW2_20x_10-2",9.9246,9.9246,37688.6685,37688.6685
4,"UW2","01_EPPNA_UW2 cut 200x200 - EPPNA_UW2_20x_11-1",11.734,11.734,44559.865,44559.865
5,"UW2","01_EPPNA_UW2 cut 200x200 - EPPNA_UW2_20x_12-1",24.8972333333333,24.8972333333333,94547.2435833334,94547.2435833334
6,"UW2","01_EPPNA_UW2 cut 200x200 - EPPNA_UW2_20x_13-1",25.2510666666667,25.2510666666667,95890.9256666667,95890.9256666667
7,"UW2","01_EPPNA_UW2 cut 200x200 - EPPNA_UW2_20x_14-1",20.1090333333333,20.1090333333333,76364.0540833334,76364.0540833334
8,"UW2","01_EPPNA_UW2 cut 200x200 - EPPNA_UW2_20x_14-2",18.9731666666667,18.9731666666667,72050.6004166667,72050.6004166667
9,"UW2","01_EPPNA_UW2 cut 200x200 - EPPNA_UW2_20x_15-1",7.8633,7.8633,29860.88175,29860.88175
10,"UW2","01_EPPNA_UW2 cut 200x200 - EPPNA_UW2_20x_15-2",14.1461333333333,14.1461333333333,53719.9413333334,53719.9413333334
11,"UW2","01_EPPNA_UW2 cut 200x200 - EPPNA_UW2_20x_16-1",7.4453,7.4453,28273.52675,28273.52675
12,"UW2","01_EPPNA_UW2 cut 200x200 - EPPNA_UW2_20x_17-1",6.0873,6.0873,23116.52175,23116.52175
13,"UW2","01_EPPNA_UW2 cut 200x200 - EPPNA_UW2_20x_17-2",5.4499,5.4499,20695.99525,20695.99525
15,"UW2","01_EPPNA_UW2 cut 200x200 - EPPNA_UW2_20x_3-1",1.20126666666667,1.20126666666667,4561.81016666667,4561.81016666667
16,"UW2","01_EPPNA_UW2 cut 200x200 - EPPNA_UW2_20x_4-1",4.34923333333333,4.34923333333333,16516.2135833333,16516.2135833333
17,"UW2","01_EPPNA_UW2 cut 200x200 - EPPNA_UW2_20x_6-1",12.4636333333333,12.4636333333333,47330.6475833333,47330.6475833333
18,"UW2","01_EPPNA_UW2 cut 200x200 - EPPNA_UW2_20x_7-1",4.56946666666667,4.56946666666667,17352.5496666667,17352.5496666667
19,"UW2","01_EPPNA_UW2 cut 200x200 - EPPNA_UW2_20x_7-2",5.56016666666667,5.56016666666667,21114.7329166667,21114.7329166667
20,"UW2","01_EPPNA_UW2 cut 200x200 - EPPNA_UW2_20x_8-1",4.2879,4.2879,16283.30025,16283.30025
21,"UW2","01_EPPNA_UW2 cut 200x200 - EPPNA_UW2_20x_8-2",4.35703333333333,4.35703333333333,16545.8340833333,16545.8340833333
22,"UW2","01_EPPNA_UW2 cut 200x200 - EPPNA_UW2_20x_9-1",3.743,3.743,14214.0425,14214.0425
25,"UW3","01_EPPNA_UW3 cut 200x200 - EPPNA_UW3_20x_1-1",21.1764333333333,21.1764333333333,80417.5055833333,80417.5055833333
26,"UW3","01_EPPNA_UW3 cut 200x200 - EPPNA_UW3_20x_1-2",23.4493666666667,23.4493666666667,89048.9699166667,89048.9699166667
27,"UW3","01_EPPNA_UW3 cut 200x200 - EPPNA_UW3_20x_10-1",28.091,28.091,106675.5725,106675.5725
28,"UW3","01_EPPNA_UW3 cut 200x200 - EPPNA_UW3_20x_10-2",22.7602333333333,22.7602333333333,86431.9860833333,86431.9860833333
29,"UW3","01_EPPNA_UW3 cut 200x200 - EPPNA_UW3_20x_11-1",28.2166,28.2166,107152.5385,107152.5385
30,"UW3","01_EPPNA_UW3 cut 200x200 - EPPNA_UW3_20x_11-2",29.4638333333333,29.4638333333333,111888.907083333,111888.907083333
31,"UW3","01_EPPNA_UW3 cut 200x200 - EPPNA_UW3_20x_2-1",25.3924666666667,25.3924666666667,96427.8921666667,96427.8921666667
32,"UW3","01_EPPNA_UW3 cut 200x200 - EPPNA_UW3_20x_2-2",16.4131666666667,16.4131666666667,62329.0004166667,62329.0004166667
33,"UW3","01_EPPNA_UW3 cut 200x200 - EPPNA_UW3_20x_3-1",23.6081,23.6081,89651.7597500001,89651.7597500001
34,"UW3","01_EPPNA_UW3 cut 200x200 - EPPNA_UW3_20x_3-2",27.1768666666667,27.1768666666667,103204.151166667,103204.151166667
35,"UW3","01_EPPNA_UW3 cut 200x200 - EPPNA_UW3_20x_4-1",22.9685333333333,22.9685333333333,87223.0053333333,87223.0053333333
36,"UW3","01_EPPNA_UW3 cut 200x200 - EPPNA_UW3_20x_4-2",23.7215333333334,23.7215333333334,90082.5228333334,90082.5228333334
37,"UW3","01_EPPNA_UW3 cut 200x200 - EPPNA_UW3_20x_5-1",17.9766,17.9766,68266.1385,68266.1385
38,"UW3","01_EPPNA_UW3 cut 200x200 - EPPNA_UW3_20x_5-2",24.7670333333334,24.7670333333334,94052.8090833334,94052.8090833334
39,"UW3","01_EPPNA_UW3 cut 200x200 - EPPNA_UW3_20x_6-1",29.1476333333333,29.1476333333333,110688.137583333,110688.137583333
40,"UW3","01_EPPNA_UW3 cut 200x200 - EPPNA_UW3_20x_6-2",20.3907333333333,20.3907333333333,77433.8098333333,77433.8098333333
41,"UW3","01_EPPNA_UW3 cut 200x200 - EPPNA_UW3_20x_7-1",27.2677333333333,27.2677333333333,103549.217333333,103549.217333333
42,"UW3","01_EPPNA_UW3 cut 200x200 - EPPNA_UW3_20x_7-2",27.4658666666667,27.4658666666667,104301.628666667,104301.628666667
43,"UW3","01_EPPNA_UW3 cut 200x200 - EPPNA_UW3_20x_7-3",22.478,22.478,85360.2050000001,85360.2050000001
44,"UW3","01_EPPNA_UW3 cut 200x200 - EPPNA_UW3_20x_7-4",27.558,27.558,104651.505,104651.505
45,"UW3","01_EPPNA_UW3 cut 200x200 - EPPNA_UW3_20x_8-1",23.3508333333333,23.3508333333333,88674.7895833334,88674.7895833334
46,"UW3","01_EPPNA_UW3 cut 200x200 - EPPNA_UW3_20x_8-2",24.9162666666667,24.9162666666667,94619.5226666667,94619.5226666667
47,"UW3","01_EPPNA_UW3 cut 200x200 - EPPNA_UW3_20x_8-3",24.8840333333333,24.8840333333333,94497.1165833332,94497.1165833332
48,"UW3","01_EPPNA_UW3 cut 200x200 - EPPNA_UW3_20x_9-1",23.4815333333334,23.4815333333334,89171.1228333334,89171.1228333334
51,"UW10","02_LPPNA_UW10 cut 200x200 - LPPNA_UW10_20x_1-1",28.9665666666667,28.9665666666667,110000.536916667,110000.536916667
52,"UW10","02_LPPNA_UW10 cut 200x200 - LPPNA_UW10_20x_1-2",29.1273333333333,29.1273333333333,110611.048333333,110611.048333333
53,"UW10","02_LPPNA_UW10 cut 200x200 - LPPNA_UW10_20x_10-1",25.5409666666667,25.5409666666667,96991.8209166667,96991.8209166667
54,"UW10","02_LPPNA_UW10 cut 200x200 - LPPNA_UW10_20x_10-2",20.1751333333333,20.1751333333333,76615.0688333333,76615.0688333333
55,"UW10","02_LPPNA_UW10 cut 200x200 - LPPNA_UW10_20x_10-3",28.1170666666667,28.1170666666667,106774.560666667,106774.560666667
56,"UW10","02_LPPNA_UW10 cut 200x200 - LPPNA_UW10_20x_11-1",9.40596666666667,9.40596666666667,35719.1584166667,35719.1584166667
57,"UW10","02_LPPNA_UW10 cut 200x200 - LPPNA_UW10_20x_12-1",5.2901,5.2901,20089.15475,20089.15475
58,"UW10","02_LPPNA_UW10 cut 200x200 - LPPNA_UW10_20x_2-1",25.4933333333333,25.4933333333333,96810.9333333334,96810.9333333334
59,"UW10","02_LPPNA_UW10 cut 200x200 - LPPNA_UW10_20x_3-1",21.3019333333333,21.3019333333333,80894.0918333333,80894.0918333333
60,"UW10","02_LPPNA_UW10 cut 200x200 - LPPNA_UW10_20x_3-2",24.0543333333333,24.0543333333333,91346.3308333334,91346.3308333334
61,"UW10","02_LPPNA_UW10 cut 200x200 - LPPNA_UW10_20x_4-1",33.0798,33.0798,125620.5405,125620.5405
62,"UW10","02_LPPNA_UW10 cut 200x200 - LPPNA_UW10_20x_5-1",27.2119666666667,27.2119666666667,103337.443416667,103337.443416667
63,"UW10","02_LPPNA_UW10 cut 200x200 - LPPNA_UW10_20x_5-2",19.2296,19.2296,73024.406,73024.406
64,"UW10","02_LPPNA_UW10 cut 200x200 - LPPNA_UW10_20x_5-3",13.5517666666667,13.5517666666667,51462.8339166667,51462.8339166667
65,"UW10","02_LPPNA_UW10 cut 200x200 - LPPNA_UW10_20x_6-1",9.11353333333333,9.11353333333333,34608.6428333333,34608.6428333333
66,"UW10","02_LPPNA_UW10 cut 200x200 - LPPNA_UW10_20x_6-2",8.73486666666667,8.73486666666667,33170.6561666667,33170.6561666667
67,"UW10","02_LPPNA_UW10 cut 200x200 - LPPNA_UW10_20x_6-3",8.6358,8.6358,32794.4505,32794.4505
68,"UW10","02_LPPNA_UW10 cut 200x200 - LPPNA_UW10_20x_7-1",3.80123333333333,3.80123333333333,14435.1835833333,14435.1835833333
69,"UW10","02_LPPNA_UW10 cut 200x200 - LPPNA_UW10_20x_7-2",3.12713333333333,3.12713333333333,11875.2888333333,11875.2888333333
70,"UW10","02_LPPNA_UW10 cut 200x200 - LPPNA_UW10_20x_7-3",6.58876666666667,6.58876666666667,25020.8414166667,25020.8414166667
71,"UW10","02_LPPNA_UW10 cut 200x200 - LPPNA_UW10_20x_7-4",5.93643333333333,5.93643333333333,22543.6055833333,22543.6055833333
72,"UW10","02_LPPNA_UW10 cut 200x200 - LPPNA_UW10_20x_8-1",13.9965666666667,13.9965666666667,53151.9619166667,53151.9619166667
73,"UW10","02_LPPNA_UW10 cut 200x200 - LPPNA_UW10_20x_8-2",12.1514666666667,12.1514666666667,46145.1946666667,46145.1946666667
75,"UW11","02_LPPNA_UW11 cut 200x200 - LPPNA_UW11_20x_1-2",13.3010333333333,13.3010333333333,50510.6740833334,50510.6740833334
76,"UW11","02_LPPNA_UW11 cut 200x200 - LPPNA_UW11_20x_1-3",8.7348,8.7348,33170.403,33170.403
77,"UW11","02_LPPNA_UW11 cut 200x200 - LPPNA_UW11_20x_2-1",8.03756666666666,8.03756666666666,30522.6594166666,30522.6594166666
78,"UW11","02_LPPNA_UW11 cut 200x200 - LPPNA_UW11_20x_2-2",7.12543333333333,7.12543333333333,27058.8330833333,27058.8330833333
79,"UW11","02_LPPNA_UW11 cut 200x200 - LPPNA_UW11_20x_2-3",7.39993333333333,7.39993333333333,28101.2468333333,28101.2468333333
80,"UW11","02_LPPNA_UW11 cut 200x200 - LPPNA_UW11_20x_3-1",11.2224,11.2224,42617.064,42617.064
81,"UW11","02_LPPNA_UW11 cut 200x200 - LPPNA_UW11_20x_3-2",15.0763,15.0763,57252.24925,57252.24925
82,"UW11","02_LPPNA_UW11 cut 200x200 - LPPNA_UW11_20x_4-1",7.8324,7.8324,29743.539,29743.539
83,"UW11","02_LPPNA_UW11 cut 200x200 - LPPNA_UW11_20x_4-2",7.40673333333333,7.40673333333333,28127.0698333333,28127.0698333333
84,"UW11","02_LPPNA_UW11 cut 200x200 - LPPNA_UW11_20x_5-1",8.8601,8.8601,33646.22975,33646.22975
85,"UW11","02_LPPNA_UW11 cut 200x200 - LPPNA_UW11_20x_5-2",9.11443333333333,9.11443333333333,34612.0605833333,34612.0605833333
86,"UW11","02_LPPNA_UW11 cut 200x200 - LPPNA_UW11_20x_6-1",3.35123333333333,3.35123333333333,12726.3085833333,12726.3085833333
87,"UW11","02_LPPNA_UW11 cut 200x200 - LPPNA_UW11_20x_6-2",7.47483333333333,7.47483333333333,28385.6795833333,28385.6795833333
88,"UW11","02_LPPNA_UW11 cut 200x200 - LPPNA_UW11_20x_6-3",7.3267,7.3267,27823.14325,27823.14325
89,"UW11","02_LPPNA_UW11 cut 200x200 - LPPNA_UW11_20x_7-1",18.5028333333333,18.5028333333333,70264.5095833333,70264.5095833333
90,"UW11","02_LPPNA_UW11 cut 200x200 - LPPNA_UW11_20x_7-2",6.8999,6.8999,26202.37025,26202.37025
91,"UW11","02_LPPNA_UW11 cut 200x200 - LPPNA_UW11_20x_7-3",6.3994,6.3994,24301.7215,24301.7215
92,"UW11","02_LPPNA_UW11 cut 200x200 - LPPNA_UW11_20x_8-1",7.7445,7.7445,29409.73875,29409.73875
93,"UW11","02_LPPNA_UW11 cut 200x200 - LPPNA_UW11_20x_8-2",8.12243333333333,8.12243333333333,30844.9405833333,30844.9405833333
94,"UW11","02_LPPNA_UW11 cut 200x200 - LPPNA_UW11_20x_8-3",8.80006666666667,8.80006666666667,33418.2531666667,33418.2531666667
96,"UW12","02_LPPNA_UW12 cut 200x200 - LPPNA_UW12_20x_1-1",23.3167666666667,23.3167666666667,88545.4214166667,88545.4214166667
97,"UW12","02_LPPNA_UW12 cut 200x200 - LPPNA_UW12_20x_1-2",27.4567333333333,27.4567333333333,104266.944833333,104266.944833333
98,"UW12","02_LPPNA_UW12 cut 200x200 - LPPNA_UW12_20x_2-1",28.0697666666667,28.0697666666667,106594.938916667,106594.938916667
99,"UW12","02_LPPNA_UW12 cut 200x200 - LPPNA_UW12_20x_2-2",22.3419,22.3419,84843.36525,84843.36525
100,"UW12","02_LPPNA_UW12 cut 200x200 - LPPNA_UW12_20x_2-3",19.0127,19.0127,72200.72825,72200.72825
101,"UW12","02_LPPNA_UW12 cut 200x200 - LPPNA_UW12_20x_3-1",23.8674333333333,23.8674333333333,90636.5780833334,90636.5780833334
102,"UW12","02_LPPNA_UW12 cut 200x200 - LPPNA_UW12_20x_3-2",27.2383333333333,27.2383333333333,103437.570833333,103437.570833333
103,"UW12","02_LPPNA_UW12 cut 200x200 - LPPNA_UW12_20x_4-1",28.5388333333333,28.5388333333333,108376.219583333,108376.219583333
104,"UW12","02_LPPNA_UW12 cut 200x200 - LPPNA_UW12_20x_4-2",27.0986,27.0986,102906.9335,102906.9335
105,"UW12","02_LPPNA_UW12 cut 200x200 - LPPNA_UW12_20x_5-1",28.6978,28.6978,108979.8955,108979.8955
106,"UW12","02_LPPNA_UW12 cut 200x200 - LPPNA_UW12_20x_5-2",26.6836666666667,26.6836666666667,101331.224166667,101331.224166667
107,"UW12","02_LPPNA_UW12 cut 200x200 - LPPNA_UW12_20x_6-1",27.2757333333333,27.2757333333333,103579.597333333,103579.597333333
108,"UW12","02_LPPNA_UW12 cut 200x200 - LPPNA_UW12_20x_7-1",28.4345333333333,28.4345333333333,107980.140333333,107980.140333333
109,"UW12","02_LPPNA_UW12 cut 200x200 - LPPNA_UW12_20x_8-1",26.7397666666667,26.7397666666667,101544.263916667,101544.263916667
110,"UW12","02_LPPNA_UW12 cut 200x200 - LPPNA_UW12_20x_8-2",16.1990333333333,16.1990333333333,61515.8290833334,61515.8290833334
111,"UW12","02_LPPNA_UW12 cut 200x200 - LPPNA_UW12_20x_9-1",15.3131666666667,15.3131666666667,58151.7504166667,58151.7504166667
113,"UW13","02_LPPNA_UW13 cut 200x200 - LPPNA_UW13_20x_1-2",28.2975,28.2975,107459.75625,107459.75625
114,"UW13","02_LPPNA_UW13 cut 200x200 - LPPNA_UW13_20x_2-1",25.9235333333333,25.9235333333333,98444.6178333333,98444.6178333333
115,"UW13","02_LPPNA_UW13 cut 200x200 - LPPNA_UW13_20x_2-2",17.5223333333333,17.5223333333333,66541.0608333334,66541.0608333334
116,"UW13","02_LPPNA_UW13 cut 200x200 - LPPNA_UW13_20x_3-1",17.6745666666667,17.6745666666667,67119.1669166667,67119.1669166667
117,"UW13","02_LPPNA_UW13 cut 200x200 - LPPNA_UW13_20x_3-2",19.2000666666667,19.2000666666667,72912.2531666667,72912.2531666667
118,"UW13","02_LPPNA_UW13 cut 200x200 - LPPNA_UW13_20x_3-3",15.7291666666667,15.7291666666667,59731.5104166667,59731.5104166667
119,"UW13","02_LPPNA_UW13 cut 200x200 - LPPNA_UW13_20x_4-1",12.9343666666667,12.9343666666667,49118.2574166667,49118.2574166667
120,"UW13","02_LPPNA_UW13 cut 200x200 - LPPNA_UW13_20x_4-2",12.6400666666667,12.6400666666667,48000.6531666667,48000.6531666667
121,"UW13","02_LPPNA_UW13 cut 200x200 - LPPNA_UW13_20x_5-1",16.4616666666667,16.4616666666667,62513.1791666666,62513.1791666666
122,"UW13","02_LPPNA_UW13 cut 200x200 - LPPNA_UW13_20x_5-2",18.5109,18.5109,70295.14275,70295.14275
123,"UW13","02_LPPNA_UW13 cut 200x200 - LPPNA_UW13_20x_5-3",12.7859,12.7859,48554.45525,48554.45525
124,"UW13","02_LPPNA_UW13 cut 200x200 - LPPNA_UW13_20x_6-1",11.1072,11.1072,42179.592,42179.592
125,"UW13","02_LPPNA_UW13 cut 200x200 - LPPNA_UW13_20x_6-2",11.4038,11.4038,43305.9305,43305.9305
126,"UW13","02_LPPNA_UW13 cut 200x200 - LPPNA_UW13_20x_6-3",10.0857666666667,10.0857666666667,38300.6989166667,38300.6989166667
127,"UW13","02_LPPNA_UW13 cut 200x200 - LPPNA_UW13_20x_7-1",15.0827,15.0827,57276.55325,57276.55325
128,"UW13","02_LPPNA_UW13 cut 200x200 - LPPNA_UW13_20x_7-2",14.8282,14.8282,56310.0895,56310.0895
129,"UW13","02_LPPNA_UW13 cut 200x200 - LPPNA_UW13_20x_8-1",17.8524,17.8524,67794.489,67794.489
130,"UW13","02_LPPNA_UW13 cut 200x200 - LPPNA_UW13_20x_8-2",13.1197,13.1197,49822.06075,49822.06075
131,"UW13","02_LPPNA_UW13 cut 200x200 - LPPNA_UW13_20x_9-1",23.1688666666667,23.1688666666667,87983.7711666667,87983.7711666667
132,"UW13","02_LPPNA_UW13 cut 200x200 - LPPNA_UW13_20x_9-2",14.5670333333333,14.5670333333333,55318.3090833333,55318.3090833333
134,"UW14","02_LPPNA_UW14 cut 200x200 - LPPNA_UW14_20x_1-1",3.92586666666667,3.92586666666667,14908.4786666667,14908.4786666667
135,"UW14","02_LPPNA_UW14 cut 200x200 - LPPNA_UW14_20x_1-2",4.4441,4.4441,16876.46975,16876.46975
136,"UW14","02_LPPNA_UW14 cut 200x200 - LPPNA_UW14_20x_10-1",13.4328666666667,13.4328666666667,51011.3111666667,51011.3111666667
137,"UW14","02_LPPNA_UW14 cut 200x200 - LPPNA_UW14_20x_10-2",14.1298,14.1298,53657.9155,53657.9155
138,"UW14","02_LPPNA_UW14 cut 200x200 - LPPNA_UW14_20x_10-3",12.2954,12.2954,46691.7815,46691.7815
139,"UW14","02_LPPNA_UW14 cut 200x200 - LPPNA_UW14_20x_2-1",12.2947,12.2947,46689.12325,46689.12325
140,"UW14","02_LPPNA_UW14 cut 200x200 - LPPNA_UW14_20x_2-2",5.3375,5.3375,20269.15625,20269.15625
141,"UW14","02_LPPNA_UW14 cut 200x200 - LPPNA_UW14_20x_3-1",23.7237333333334,23.7237333333334,90090.8773333334,90090.8773333334
142,"UW14","02_LPPNA_UW14 cut 200x200 - LPPNA_UW14_20x_3-2",26.0141333333333,26.0141333333333,98788.6713333333,98788.6713333333
143,"UW14","02_LPPNA_UW14 cut 200x200 - LPPNA_UW14_20x_3-3",0.7969,0.7969,3026.22775,3026.22775
144,"UW14","02_LPPNA_UW14 cut 200x200 - LPPNA_UW14_20x_3-4",5.8189,5.8189,22097.27275,22097.27275
145,"UW14","02_LPPNA_UW14 cut 200x200 - LPPNA_UW14_20x_4-1",18.6171,18.6171,70698.43725,70698.43725
146,"UW14","02_LPPNA_UW14 cut 200x200 - LPPNA_UW14_20x_4-2",25.4444,25.4444,96625.109,96625.109
147,"UW14","02_LPPNA_UW14 cut 200x200 - LPPNA_UW14_20x_4-3",26.3663666666667,26.3663666666667,100126.277416667,100126.277416667
148,"UW14","02_LPPNA_UW14 cut 200x200 - LPPNA_UW14_20x_5-1",23.7416333333333,23.7416333333333,90158.8525833334,90158.8525833334
149,"UW14","02_LPPNA_UW14 cut 200x200 - LPPNA_UW14_20x_5-2",24.8999333333333,24.8999333333333,94557.4968333333,94557.4968333333
150,"UW14","02_LPPNA_UW14 cut 200x200 - LPPNA_UW14_20x_5-3",16.5919333333333,16.5919333333333,63007.8668333334,63007.8668333334
151,"UW14","02_LPPNA_UW14 cut 200x200 - LPPNA_UW14_20x_6-1",22.0501333333333,22.0501333333333,83735.3813333333,83735.3813333333
152,"UW14","02_LPPNA_UW14 cut 200x200 - LPPNA_UW14_20x_6-2",24.2334333333333,24.2334333333333,92026.4630833334,92026.4630833334
153,"UW14","02_LPPNA_UW14 cut 200x200 - LPPNA_UW14_20x_7-1",26.0780333333333,26.0780333333333,99031.3315833333,99031.3315833333
154,"UW14","02_LPPNA_UW14 cut 200x200 - LPPNA_UW14_20x_7-2",17.7638666666667,17.7638666666667,67458.2836666667,67458.2836666667
155,"UW14","02_LPPNA_UW14 cut 200x200 - LPPNA_UW14_20x_7-3",13.1321333333333,13.1321333333333,49869.2763333333,49869.2763333333
156,"UW14","02_LPPNA_UW14 cut 200x200 - LPPNA_UW14_20x_8-1",22.2719666666667,22.2719666666667,84577.7934166667,84577.7934166667
157,"UW14","02_LPPNA_UW14 cut 200x200 - LPPNA_UW14_20x_8-2",17.9667,17.9667,68228.54325,68228.54325
160,"UW15","02_LPPNA_UW15 cut 200x200 - LPPNA_UW15_20x_1-1",24.2325,24.2325,92022.91875,92022.91875
161,"UW15","02_LPPNA_UW15 cut 200x200 - LPPNA_UW15_20x_10-1",28.2595333333333,28.2595333333333,107315.577833333,107315.577833333
162,"UW15","02_LPPNA_UW15 cut 200x200 - LPPNA_UW15_20x_10-2",28.6274,28.6274,108712.5515,108712.5515
163,"UW15","02_LPPNA_UW15 cut 200x200 - LPPNA_UW15_20x_10-3",26.0299666666667,26.0299666666667,98848.7984166667,98848.7984166667
164,"UW15","02_LPPNA_UW15 cut 200x200 - LPPNA_UW15_20x_11-1",27.4421666666667,27.4421666666667,104211.627916667,104211.627916667
165,"UW15","02_LPPNA_UW15 cut 200x200 - LPPNA_UW15_20x_11-2",27.6002333333333,27.6002333333333,104811.886083333,104811.886083333
166,"UW15","02_LPPNA_UW15 cut 200x200 - LPPNA_UW15_20x_12-1",27.3501666666667,27.3501666666667,103862.257916667,103862.257916667
167,"UW15","02_LPPNA_UW15 cut 200x200 - LPPNA_UW15_20x_12-2",26.0537333333334,26.0537333333334,98939.0523333334,98939.0523333334
168,"UW15","02_LPPNA_UW15 cut 200x200 - LPPNA_UW15_20x_2-1",28.0352666666667,28.0352666666667,106463.925166667,106463.925166667
169,"UW15","02_LPPNA_UW15 cut 200x200 - LPPNA_UW15_20x_2-2",27.9401333333333,27.9401333333333,106102.656333333,106102.656333333
170,"UW15","02_LPPNA_UW15 cut 200x200 - LPPNA_UW15_20x_3-1",11.1604,11.1604,42381.619,42381.619
171,"UW15","02_LPPNA_UW15 cut 200x200 - LPPNA_UW15_20x_4-1",27.0005666666667,27.0005666666667,102534.651916667,102534.651916667
172,"UW15","02_LPPNA_UW15 cut 200x200 - LPPNA_UW15_20x_5-1",21.1308,21.1308,80244.2129999999,80244.2129999999
173,"UW15","02_LPPNA_UW15 cut 200x200 - LPPNA_UW15_20x_6-1",26.5884666666666,26.5884666666666,100969.702166667,100969.702166667
174,"UW15","02_LPPNA_UW15 cut 200x200 - LPPNA_UW15_20x_6-2",23.7166,23.7166,90063.7885,90063.7885
175,"UW15","02_LPPNA_UW15 cut 200x200 - LPPNA_UW15_20x_7-1",21.4275,21.4275,81370.93125,81370.93125
176,"UW15","02_LPPNA_UW15 cut 200x200 - LPPNA_UW15_20x_7-2",21.2763333333333,21.2763333333333,80796.8758333334,80796.8758333334
177,"UW15","02_LPPNA_UW15 cut 200x200 - LPPNA_UW15_20x_7-3",22.1513,22.1513,84119.56175,84119.56175
178,"UW15","02_LPPNA_UW15 cut 200x200 - LPPNA_UW15_20x_8-1",27.8453666666667,27.8453666666667,105742.779916667,105742.779916667
179,"UW15","02_LPPNA_UW15 cut 200x200 - LPPNA_UW15_20x_8-2",27.4114,27.4114,104094.7915,104094.7915
180,"UW15","02_LPPNA_UW15 cut 200x200 - LPPNA_UW15_20x_8-3",23.1275,23.1275,87826.68125,87826.68125
181,"UW15","02_LPPNA_UW15 cut 200x200 - LPPNA_UW15_20x_9-1",28.0762,28.0762,106619.3695,106619.3695
182,"UW15","02_LPPNA_UW15 cut 200x200 - LPPNA_UW15_20x_9-2",27.3893333333333,27.3893333333333,104010.993333333,104010.993333333
184,"UW16","02_LPPNA_UW16 cut 200x200 - LPPNA_UW16_20x_1-2",8.68576666666667,8.68576666666667,32984.1989166667,32984.1989166667
185,"UW16","02_LPPNA_UW16 cut 200x200 - LPPNA_UW16_20x_1-3",15.0562,15.0562,57175.9195,57175.9195
186,"UW16","02_LPPNA_UW16 cut 200x200 - LPPNA_UW16_20x_1-4",8.3926,8.3926,31870.8985,31870.8985
187,"UW16","02_LPPNA_UW16 cut 200x200 - LPPNA_UW16_20x_10-1",3.99203333333333,3.99203333333333,15159.7465833333,15159.7465833333
188,"UW16","02_LPPNA_UW16 cut 200x200 - LPPNA_UW16_20x_10-2",2.5622,2.5622,9729.95450000001,9729.95450000001
189,"UW16","02_LPPNA_UW16 cut 200x200 - LPPNA_UW16_20x_11-1",7.71293333333333,7.71293333333333,29289.8643333333,29289.8643333333
190,"UW16","02_LPPNA_UW16 cut 200x200 - LPPNA_UW16_20x_2-1",7.99203333333333,7.99203333333333,30349.7465833333,30349.7465833333
191,"UW16","02_LPPNA_UW16 cut 200x200 - LPPNA_UW16_20x_2-4",9.2688,9.2688,35198.268,35198.268
192,"UW16","02_LPPNA_UW16 cut 200x200 - LPPNA_UW16_20x_3-1",9.23326666666667,9.23326666666667,35063.3301666667,35063.3301666667
193,"UW16","02_LPPNA_UW16 cut 200x200 - LPPNA_UW16_20x_3-2",8.4604,8.4604,32128.369,32128.369
194,"UW16","02_LPPNA_UW16 cut 200x200 - LPPNA_UW16_20x_4-1",4.8397,4.8397,18378.76075,18378.76075
195,"UW16","02_LPPNA_UW16 cut 200x200 - LPPNA_UW16_20x_4-2",2.19253333333334,2.19253333333334,8326.14533333334,8326.14533333334
196,"UW16","02_LPPNA_UW16 cut 200x200 - LPPNA_UW16_20x_5-1",8.0134,8.0134,30430.8865,30430.8865
197,"UW16","02_LPPNA_UW16 cut 200x200 - LPPNA_UW16_20x_5-2",7.0681,7.0681,26841.10975,26841.10975
198,"UW16","02_LPPNA_UW16 cut 200x200 - LPPNA_UW16_20x_6-1",6.39886666666667,6.39886666666667,24299.6961666667,24299.6961666667
199,"UW16","02_LPPNA_UW16 cut 200x200 - LPPNA_UW16_20x_6-2",4.21853333333333,4.21853333333333,16019.8803333333,16019.8803333333
200,"UW16","02_LPPNA_UW16 cut 200x200 - LPPNA_UW16_20x_7-1",8.6611,8.6611,32890.52725,32890.52725
201,"UW16","02_LPPNA_UW16 cut 200x200 - LPPNA_UW16_20x_7-2",9.21053333333333,9.21053333333333,34977.0003333333,34977.0003333333
202,"UW16","02_LPPNA_UW16 cut 200x200 - LPPNA_UW16_20x_8-1",7.55723333333333,7.55723333333333,28698.5935833333,28698.5935833333
203,"UW16","02_LPPNA_UW16 cut 200x200 - LPPNA_UW16_20x_8-2",7.68633333333333,7.68633333333333,29188.8508333333,29188.8508333333
205,"UW17","02_LPPNA_UW17 cut 200x200 - LPPNA_UW17_20x_1-1",9.81256666666667,9.81256666666667,37263.2219166667,37263.2219166667
206,"UW17","02_LPPNA_UW17 cut 200x200 - LPPNA_UW17_20x_1-2",7.98733333333333,7.98733333333333,30331.8983333333,30331.8983333333
207,"UW17","02_LPPNA_UW17 cut 200x200 - LPPNA_UW17_20x_10-1",6.70393333333334,6.70393333333334,25458.1868333333,25458.1868333333
208,"UW17","02_LPPNA_UW17 cut 200x200 - LPPNA_UW17_20x_10-2",7.77209999999999,7.77209999999999,29514.54975,29514.54975
209,"UW17","02_LPPNA_UW17 cut 200x200 - LPPNA_UW17_20x_11-1",13.227,13.227,50229.5325,50229.5325
210,"UW17","02_LPPNA_UW17 cut 200x200 - LPPNA_UW17_20x_12-1",14.3130666666667,14.3130666666667,54353.8706666667,54353.8706666667
211,"UW17","02_LPPNA_UW17 cut 200x200 - LPPNA_UW17_20x_2-1",13.0797,13.0797,49670.16075,49670.16075
212,"UW17","02_LPPNA_UW17 cut 200x200 - LPPNA_UW17_20x_2-2",13.4203333333333,13.4203333333333,50963.7158333333,50963.7158333333
213,"UW17","02_LPPNA_UW17 cut 200x200 - LPPNA_UW17_20x_3-1",13.0754,13.0754,49653.8315,49653.8315
214,"UW17","02_LPPNA_UW17 cut 200x200 - LPPNA_UW17_20x_3-2",12.7591666666667,12.7591666666667,48452.9354166667,48452.9354166667
215,"UW17","02_LPPNA_UW17 cut 200x200 - LPPNA_UW17_20x_4-1",7.6249,7.6249,28955.55775,28955.55775
216,"UW17","02_LPPNA_UW17 cut 200x200 - LPPNA_UW17_20x_4-2",6.67283333333334,6.67283333333334,25340.0845833333,25340.0845833333
217,"UW17","02_LPPNA_UW17 cut 200x200 - LPPNA_UW17_20x_4-3",8.36763333333333,8.36763333333333,31776.0875833333,31776.0875833333
218,"UW17","02_LPPNA_UW17 cut 200x200 - LPPNA_UW17_20x_5-1",13.6339333333333,13.6339333333333,51774.8618333333,51774.8618333333
219,"UW17","02_LPPNA_UW17 cut 200x200 - LPPNA_UW17_20x_5-2",13.4429666666667,13.4429666666667,51049.6659166667,51049.6659166667
220,"UW17","02_LPPNA_UW17 cut 200x200 - LPPNA_UW17_20x_5-3",10.4222333333333,10.4222333333333,39578.4310833334,39578.4310833334
221,"UW17","02_LPPNA_UW17 cut 200x200 - LPPNA_UW17_20x_6-1",13.2288,13.2288,50236.368,50236.368
222,"UW17","02_LPPNA_UW17 cut 200x200 - LPPNA_UW17_20x_6-2",14.7293,14.7293,55934.51675,55934.51675
223,"UW17","02_LPPNA_UW17 cut 200x200 - LPPNA_UW17_20x_7-1",5.00936666666667,5.00936666666667,19023.0699166667,19023.0699166667
224,"UW17","02_LPPNA_UW17 cut 200x200 - LPPNA_UW17_20x_7-2",4.9444,4.9444,18776.359,18776.359
225,"UW17","02_LPPNA_UW17 cut 200x200 - LPPNA_UW17_20x_8-1",8.46523333333333,8.46523333333333,32146.7235833333,32146.7235833333
226,"UW17","02_LPPNA_UW17 cut 200x200 - LPPNA_UW17_20x_8-2",19.5441666666667,19.5441666666667,74218.9729166667,74218.9729166667
227,"UW17","02_LPPNA_UW17 cut 200x200 - LPPNA_UW17_20x_9-1",6.1936,6.1936,23520.196,23520.196
228,"UW17","02_LPPNA_UW17 cut 200x200 - LPPNA_UW17_20x_9-2",9.90243333333334,9.90243333333334,37604.4905833334,37604.4905833334
230,"UW18","02_LPPNA_UW18 cut 200x200 - LPPNA_UW18_20x_1-1",20.3006666666667,20.3006666666667,77091.7816666667,77091.7816666667
231,"UW18","02_LPPNA_UW18 cut 200x200 - LPPNA_UW18_20x_1-2",16.4349333333333,16.4349333333333,62411.6593333333,62411.6593333333
232,"UW18","02_LPPNA_UW18 cut 200x200 - LPPNA_UW18_20x_10-1",27.8736,27.8736,105849.996,105849.996
233,"UW18","02_LPPNA_UW18 cut 200x200 - LPPNA_UW18_20x_10-2",27.9397,27.9397,106101.01075,106101.01075
234,"UW18","02_LPPNA_UW18 cut 200x200 - LPPNA_UW18_20x_10-3",26.3621666666667,26.3621666666667,100110.327916667,100110.327916667
235,"UW18","02_LPPNA_UW18 cut 200x200 - LPPNA_UW18_20x_11-1",28.8030333333333,28.8030333333333,109379.519083333,109379.519083333
236,"UW18","02_LPPNA_UW18 cut 200x200 - LPPNA_UW18_20x_11-2",24.4784333333333,24.4784333333333,92956.8505833333,92956.8505833333
237,"UW18","02_LPPNA_UW18 cut 200x200 - LPPNA_UW18_20x_12-1",28.2902,28.2902,107432.0345,107432.0345
238,"UW18","02_LPPNA_UW18 cut 200x200 - LPPNA_UW18_20x_12-2",29.2685666666667,29.2685666666667,111147.381916667,111147.381916667
239,"UW18","02_LPPNA_UW18 cut 200x200 - LPPNA_UW18_20x_12-3",28.8983,28.8983,109741.29425,109741.29425
240,"UW18","02_LPPNA_UW18 cut 200x200 - LPPNA_UW18_20x_13-1",29.7628333333333,29.7628333333333,113024.359583333,113024.359583333
241,"UW18","02_LPPNA_UW18 cut 200x200 - LPPNA_UW18_20x_13-2",28.5856666666667,28.5856666666667,108554.069166667,108554.069166667
242,"UW18","02_LPPNA_UW18 cut 200x200 - LPPNA_UW18_20x_13-3",25.8116333333333,25.8116333333333,98019.6775833333,98019.6775833333
243,"UW18","02_LPPNA_UW18 cut 200x200 - LPPNA_UW18_20x_14-1",27.2612333333333,27.2612333333333,103524.533583333,103524.533583333
244,"UW18","02_LPPNA_UW18 cut 200x200 - LPPNA_UW18_20x_14-2",28.7890666666667,28.7890666666667,109326.480666667,109326.480666667
245,"UW18","02_LPPNA_UW18 cut 200x200 - LPPNA_UW18_20x_2-1",7.6932,7.6932,29214.927,29214.927
246,"UW18","02_LPPNA_UW18 cut 200x200 - LPPNA_UW18_20x_3-1",21.6936666666667,21.6936666666667,82381.6991666667,82381.6991666667
247,"UW18","02_LPPNA_UW18 cut 200x200 - LPPNA_UW18_20x_3-2",23.2503333333333,23.2503333333333,88293.1408333334,88293.1408333334
248,"UW18","02_LPPNA_UW18 cut 200x200 - LPPNA_UW18_20x_4-1",26.2463666666667,26.2463666666667,99670.5774166668,99670.5774166668
249,"UW18","02_LPPNA_UW18 cut 200x200 - LPPNA_UW18_20x_5-1",12.6726666666667,12.6726666666667,48124.4516666667,48124.4516666667
250,"UW18","02_LPPNA_UW18 cut 200x200 - LPPNA_UW18_20x_6-1",11.4730666666667,11.4730666666667,43568.9706666667,43568.9706666667
251,"UW18","02_LPPNA_UW18 cut 200x200 - LPPNA_UW18_20x_6-2",8.6833,8.6833,32974.83175,32974.83175
252,"UW18","02_LPPNA_UW18 cut 200x200 - LPPNA_UW18_20x_7-1",8.14163333333333,8.14163333333333,30917.8525833333,30917.8525833333
253,"UW18","02_LPPNA_UW18 cut 200x200 - LPPNA_UW18_20x_8-1",7.8708,7.8708,29889.363,29889.363
257,"UW20","02_LPPNA_UW20 cut 200x200 - LPPNA_UW20_20x_1-1",15.3858666666667,15.3858666666667,58427.8286666666,58427.8286666666
258,"UW20","02_LPPNA_UW20 cut 200x200 - LPPNA_UW20_20x_1-2",21.9456666666667,21.9456666666667,83338.6691666667,83338.6691666667
259,"UW20","02_LPPNA_UW20 cut 200x200 - LPPNA_UW20_20x_10-1",29.7283,29.7283,112893.21925,112893.21925
260,"UW20","02_LPPNA_UW20 cut 200x200 - LPPNA_UW20_20x_10-2",20.8860333333333,20.8860333333333,79314.7115833334,79314.7115833334
261,"UW20","02_LPPNA_UW20 cut 200x200 - LPPNA_UW20_20x_2-1",24.0184,24.0184,91209.874,91209.874
262,"UW20","02_LPPNA_UW20 cut 200x200 - LPPNA_UW20_20x_2-2",16.7428666666667,16.7428666666667,63581.0361666667,63581.0361666667
263,"UW20","02_LPPNA_UW20 cut 200x200 - LPPNA_UW20_20x_3-1",18.2569,18.2569,69330.57775,69330.57775
264,"UW20","02_LPPNA_UW20 cut 200x200 - LPPNA_UW20_20x_4-1",22.9453666666667,22.9453666666667,87135.0299166666,87135.0299166666
265,"UW20","02_LPPNA_UW20 cut 200x200 - LPPNA_UW20_20x_4-2",18.29,18.29,69456.275,69456.275
266,"UW20","02_LPPNA_UW20 cut 200x200 - LPPNA_UW20_20x_5-1",25.8299666666667,25.8299666666667,98089.2984166667,98089.2984166667
267,"UW20","02_LPPNA_UW20 cut 200x200 - LPPNA_UW20_20x_5-2",24.7954,24.7954,94160.5315,94160.5315
268,"UW20","02_LPPNA_UW20 cut 200x200 - LPPNA_UW20_20x_6-1",21.1109,21.1109,80168.6427499999,80168.6427499999
269,"UW20","02_LPPNA_UW20 cut 200x200 - LPPNA_UW20_20x_6-2",19.6507333333333,19.6507333333333,74623.6598333333,74623.6598333333
270,"UW20","02_LPPNA_UW20 cut 200x200 - LPPNA_UW20_20x_7-1",24.3254333333333,24.3254333333333,92375.8330833333,92375.8330833333
271,"UW20","02_LPPNA_UW20 cut 200x200 - LPPNA_UW20_20x_7-2",24.0715,24.0715,91411.5212500001,91411.5212500001
272,"UW20","02_LPPNA_UW20 cut 200x200 - LPPNA_UW20_20x_8-1",19.8813,19.8813,75499.23675,75499.23675
273,"UW20","02_LPPNA_UW20 cut 200x200 - LPPNA_UW20_20x_8-2",24.8833,24.8833,94494.33175,94494.33175
274,"UW20","02_LPPNA_UW20 cut 200x200 - LPPNA_UW20_20x_8-3",23.7083666666667,23.7083666666667,90032.5224166667,90032.5224166667
277,"UW21","02_LPPNA_UW21 cut 200x200 - LPPNA_UW21_20x_1-1",28.1167,28.1167,106773.16825,106773.16825
278,"UW21","02_LPPNA_UW21 cut 200x200 - LPPNA_UW21_20x_10-1",3.7787,3.7787,14349.61325,14349.61325
279,"UW21","02_LPPNA_UW21 cut 200x200 - LPPNA_UW21_20x_10-2",4.32666666666667,4.32666666666667,16430.5166666667,16430.5166666667
280,"UW21","02_LPPNA_UW21 cut 200x200 - LPPNA_UW21_20x_2-1",28.5592666666667,28.5592666666667,108453.815166667,108453.815166667
281,"UW21","02_LPPNA_UW21 cut 200x200 - LPPNA_UW21_20x_3-1",28.7452666666667,28.7452666666667,109160.150166667,109160.150166667
282,"UW21","02_LPPNA_UW21 cut 200x200 - LPPNA_UW21_20x_4-1",25.3840666666666,25.3840666666666,96395.9931666666,96395.9931666666
283,"UW21","02_LPPNA_UW21 cut 200x200 - LPPNA_UW21_20x_5-1",8.0479,8.0479,30561.90025,30561.90025
284,"UW21","02_LPPNA_UW21 cut 200x200 - LPPNA_UW21_20x_6-1",7.92996666666666,7.92996666666666,30114.0484166667,30114.0484166667
285,"UW21","02_LPPNA_UW21 cut 200x200 - LPPNA_UW21_20x_7-1",8.93406666666667,8.93406666666667,33927.1181666667,33927.1181666667
286,"UW21","02_LPPNA_UW21 cut 200x200 - LPPNA_UW21_20x_7-2",5.8634,5.8634,22266.2615,22266.2615
287,"UW21","02_LPPNA_UW21 cut 200x200 - LPPNA_UW21_20x_8-1",5.68003333333334,5.68003333333334,21569.9265833333,21569.9265833333
291,"UW22","02_LPPNA_UW22 cut 200x200 - LPPNA_UW22_20x_1-1",10.6401666666667,10.6401666666667,40406.0329166667,40406.0329166667
292,"UW22","02_LPPNA_UW22 cut 200x200 - LPPNA_UW22_20x_1-2",12.6108333333333,12.6108333333333,47889.6395833333,47889.6395833333
293,"UW22","02_LPPNA_UW22 cut 200x200 - LPPNA_UW22_20x_1-3",7.78126666666666,7.78126666666666,29549.3601666667,29549.3601666667
294,"UW22","02_LPPNA_UW22 cut 200x200 - LPPNA_UW22_20x_1-4",7.36333333333333,7.36333333333333,27962.2583333333,27962.2583333333
295,"UW22","02_LPPNA_UW22 cut 200x200 - LPPNA_UW22_20x_2-1",25.9095,25.9095,98391.3262500001,98391.3262500001
296,"UW22","02_LPPNA_UW22 cut 200x200 - LPPNA_UW22_20x_2-2",8.4825,8.4825,32212.29375,32212.29375
297,"UW22","02_LPPNA_UW22 cut 200x200 - LPPNA_UW22_20x_3-1",14.0779666666667,14.0779666666667,53461.0784166667,53461.0784166667
298,"UW22","02_LPPNA_UW22 cut 200x200 - LPPNA_UW22_20x_3-2",12.3060666666667,12.3060666666667,46732.2881666667,46732.2881666667
299,"UW22","02_LPPNA_UW22 cut 200x200 - LPPNA_UW22_20x_4-1",8.56973333333334,8.56973333333334,32543.5623333333,32543.5623333333
300,"UW22","02_LPPNA_UW22 cut 200x200 - LPPNA_UW22_20x_4-2",7.28263333333334,7.28263333333334,27655.8000833334,27655.8000833334
301,"UW22","02_LPPNA_UW22 cut 200x200 - LPPNA_UW22_20x_5-1",6.8637,6.8637,26064.90075,26064.90075
302,"UW22","02_LPPNA_UW22 cut 200x200 - LPPNA_UW22_20x_5-2",7.77106666666667,7.77106666666667,29510.6256666667,29510.6256666667
303,"UW22","02_LPPNA_UW22 cut 200x200 - LPPNA_UW22_20x_5-3",8.74366666666666,8.74366666666666,33204.0741666667,33204.0741666667
304,"UW22","02_LPPNA_UW22 cut 200x200 - LPPNA_UW22_20x_5-4",4.16036666666667,4.16036666666667,15798.9924166667,15798.9924166667
305,"UW22","02_LPPNA_UW22 cut 200x200 - LPPNA_UW22_20x_6-1",8.1984,8.1984,31133.424,31133.424
306,"UW22","02_LPPNA_UW22 cut 200x200 - LPPNA_UW22_20x_6-2",6.97486666666667,6.97486666666667,26487.0561666667,26487.0561666667
307,"UW22","02_LPPNA_UW22 cut 200x200 - LPPNA_UW22_20x_6-3",4.4517,4.4517,16905.33075,16905.33075
308,"UW22","02_LPPNA_UW22 cut 200x200 - LPPNA_UW22_20x_6-4",17.9588666666667,17.9588666666667,68198.7961666667,68198.7961666667
309,"UW22","02_LPPNA_UW22 cut 200x200 - LPPNA_UW22_20x_7-1",9.35343333333333,9.35343333333333,35519.6630833333,35519.6630833333
310,"UW22","02_LPPNA_UW22 cut 200x200 - LPPNA_UW22_20x_7-2",9.3068,9.3068,35342.573,35342.573
311,"UW22","02_LPPNA_UW22 cut 200x200 - LPPNA_UW22_20x_7-3",7.6266,7.6266,28962.0135,28962.0135
312,"UW22","02_LPPNA_UW22 cut 200x200 - LPPNA_UW22_20x_8-1",7.42013333333333,7.42013333333333,28177.9563333333,28177.9563333333
314,"UW7","02_LPPNA_UW7 cut 200x200 - LPPNA_UW7_20x_1-2",28.5470333333333,28.5470333333333,108407.359083333,108407.359083333
315,"UW7","02_LPPNA_UW7 cut 200x200 - LPPNA_UW7_20x_1-3",28.4872,28.4872,108180.142,108180.142
316,"UW7","02_LPPNA_UW7 cut 200x200 - LPPNA_UW7_20x_10-1",7.4618,7.4618,28336.1855,28336.1855
317,"UW7","02_LPPNA_UW7 cut 200x200 - LPPNA_UW7_20x_10-2",4.61006666666667,4.61006666666667,17506.7281666667,17506.7281666667
318,"UW7","02_LPPNA_UW7 cut 200x200 - LPPNA_UW7_20x_2-1",26.9077,26.9077,102181.99075,102181.99075
319,"UW7","02_LPPNA_UW7 cut 200x200 - LPPNA_UW7_20x_3-1",27.9403666666667,27.9403666666667,106103.542416667,106103.542416667
320,"UW7","02_LPPNA_UW7 cut 200x200 - LPPNA_UW7_20x_4-1",28.1180666666667,28.1180666666667,106778.358166667,106778.358166667
321,"UW7","02_LPPNA_UW7 cut 200x200 - LPPNA_UW7_20x_4-2",27.9397,27.9397,106101.01075,106101.01075
322,"UW7","02_LPPNA_UW7 cut 200x200 - LPPNA_UW7_20x_5-1",29.4977333333333,29.4977333333333,112017.642333333,112017.642333333
323,"UW7","02_LPPNA_UW7 cut 200x200 - LPPNA_UW7_20x_6-1",26.0175666666667,26.0175666666667,98801.7094166667,98801.7094166667
324,"UW7","02_LPPNA_UW7 cut 200x200 - LPPNA_UW7_20x_6-2",27.5434333333334,27.5434333333334,104596.188083333,104596.188083333
325,"UW7","02_LPPNA_UW7 cut 200x200 - LPPNA_UW7_20x_7-1",29.5497,29.5497,112214.98575,112214.98575
329,"UW8","02_LPPNA_UW8 cut 200x200 - LPPNA_UW8_20x_1-1",16.8085333333333,16.8085333333333,63830.4053333333,63830.4053333333
330,"UW8","02_LPPNA_UW8 cut 200x200 - LPPNA_UW8_20x_1-2",24.8289333333333,24.8289333333333,94287.8743333334,94287.8743333334
331,"UW8","02_LPPNA_UW8 cut 200x200 - LPPNA_UW8_20x_10-1",8.15506666666667,8.15506666666667,30968.8656666667,30968.8656666667
332,"UW8","02_LPPNA_UW8 cut 200x200 - LPPNA_UW8_20x_10-2",4.64023333333333,4.64023333333333,17621.2860833333,17621.2860833333
333,"UW8","02_LPPNA_UW8 cut 200x200 - LPPNA_UW8_20x_11-1",7.04913333333333,7.04913333333333,26769.0838333333,26769.0838333333
334,"UW8","02_LPPNA_UW8 cut 200x200 - LPPNA_UW8_20x_11-2",3.01653333333333,3.01653333333333,11455.2853333333,11455.2853333333
335,"UW8","02_LPPNA_UW8 cut 200x200 - LPPNA_UW8_20x_2-1",2.60183333333333,2.60183333333333,9880.46208333334,9880.46208333334
336,"UW8","02_LPPNA_UW8 cut 200x200 - LPPNA_UW8_20x_2-2",1.39243333333333,1.39243333333333,5287.76558333334,5287.76558333334
337,"UW8","02_LPPNA_UW8 cut 200x200 - LPPNA_UW8_20x_2-3",1.32713333333333,1.32713333333333,5039.78883333333,5039.78883333333
338,"UW8","02_LPPNA_UW8 cut 200x200 - LPPNA_UW8_20x_3-1",6.93406666666667,6.93406666666667,26332.1181666667,26332.1181666667
339,"UW8","02_LPPNA_UW8 cut 200x200 - LPPNA_UW8_20x_4-1",6.70633333333334,6.70633333333334,25467.3008333334,25467.3008333334
340,"UW8","02_LPPNA_UW8 cut 200x200 - LPPNA_UW8_20x_4-2",1.70146666666667,1.70146666666667,6461.31966666667,6461.31966666667
341,"UW8","02_LPPNA_UW8 cut 200x200 - LPPNA_UW8_20x_5-1",1.44776666666667,1.44776666666667,5497.89391666667,5497.89391666667
342,"UW8","02_LPPNA_UW8 cut 200x200 - LPPNA_UW8_20x_5-2",1.49713333333333,1.49713333333333,5685.36383333334,5685.36383333334
343,"UW8","02_LPPNA_UW8 cut 200x200 - LPPNA_UW8_20x_6-1",3.01003333333333,3.01003333333333,11430.6015833333,11430.6015833333
344,"UW8","02_LPPNA_UW8 cut 200x200 - LPPNA_UW8_20x_6-2",2.0309,2.0309,7712.34275,7712.34275
345,"UW8","02_LPPNA_UW8 cut 200x200 - LPPNA_UW8_20x_6-3",1.24863333333333,1.24863333333333,4741.68508333333,4741.68508333333
346,"UW8","02_LPPNA_UW8 cut 200x200 - LPPNA_UW8_20x_7-1",3.95523333333333,3.95523333333333,15019.9985833333,15019.9985833333
347,"UW8","02_LPPNA_UW8 cut 200x200 - LPPNA_UW8_20x_8-1",2.3088,2.3088,8767.66800000001,8767.66800000001
348,"UW8","02_LPPNA_UW8 cut 200x200 - LPPNA_UW8_20x_8-2",1.98356666666667,1.98356666666667,7532.59441666667,7532.59441666667
349,"UW8","02_LPPNA_UW8 cut 200x200 - LPPNA_UW8_20x_8-3",1.13053333333333,1.13053333333333,4293.20033333333,4293.20033333333
350,"UW8","02_LPPNA_UW8 cut 200x200 - LPPNA_UW8_20x_9-1",6.70283333333333,6.70283333333333,25454.0095833333,25454.0095833333
353,"UW9","02_LPPNA_UW9 cut 200x200 - LPPNA_UW9_20x_1-1",12.1445666666667,12.1445666666667,46118.9919166667,46118.9919166667
354,"UW9","02_LPPNA_UW9 cut 200x200 - LPPNA_UW9_20x_1-2",12.4142666666667,12.4142666666667,47143.1776666667,47143.1776666667
355,"UW9","02_LPPNA_UW9 cut 200x200 - LPPNA_UW9_20x_2-1",13.2297,13.2297,50239.78575,50239.78575
356,"UW9","02_LPPNA_UW9 cut 200x200 - LPPNA_UW9_20x_2-2",10.4123333333333,10.4123333333333,39540.8358333334,39540.8358333334
357,"UW9","02_LPPNA_UW9 cut 200x200 - LPPNA_UW9_20x_2-3",9.45776666666667,9.45776666666667,35915.8689166667,35915.8689166667
358,"UW9","02_LPPNA_UW9 cut 200x200 - LPPNA_UW9_20x_2-4",8.1787,8.1787,31058.61325,31058.61325
359,"UW9","02_LPPNA_UW9 cut 200x200 - LPPNA_UW9_20x_3-1",10.135,10.135,38487.6625,38487.6625
360,"UW9","02_LPPNA_UW9 cut 200x200 - LPPNA_UW9_20x_4-1",16.533,16.533,62784.0675,62784.0675
361,"UW9","02_LPPNA_UW9 cut 200x200 - LPPNA_UW9_20x_4-2",15.3548666666667,15.3548666666667,58310.1061666667,58310.1061666667
362,"UW9","02_LPPNA_UW9 cut 200x200 - LPPNA_UW9_20x_5-1",16.5538,16.5538,62863.0555,62863.0555
363,"UW9","02_LPPNA_UW9 cut 200x200 - LPPNA_UW9_20x_5-2",9.30276666666667,9.30276666666667,35327.2564166667,35327.2564166667
364,"UW9","02_LPPNA_UW9 cut 200x200 - LPPNA_UW9_20x_6-1",12.6188,12.6188,47919.893,47919.893
365,"UW9","02_LPPNA_UW9 cut 200x200 - LPPNA_UW9_20x_6-2",12.8830666666667,12.8830666666667,48923.4456666667,48923.4456666667
366,"UW9","02_LPPNA_UW9 cut 200x200 - LPPNA_UW9_20x_6-3",6.87546666666667,6.87546666666667,26109.5846666667,26109.5846666667
367,"UW9","02_LPPNA_UW9 cut 200x200 - LPPNA_UW9_20x_7-1",13.8992333333333,13.8992333333333,52782.3385833333,52782.3385833333
369,"UW23","03_PPNB_UW23 cut 200x200 - PPNB_UW23_20x_1-1",19.4849666666667,19.4849666666667,73994.1609166667,73994.1609166667
370,"UW23","03_PPNB_UW23 cut 200x200 - PPNB_UW23_20x_1-2",19.9674333333333,19.9674333333333,75826.3280833333,75826.3280833333
371,"UW23","03_PPNB_UW23 cut 200x200 - PPNB_UW23_20x_2-1",28.6668333333333,28.6668333333333,108862.299583333,108862.299583333
372,"UW23","03_PPNB_UW23 cut 200x200 - PPNB_UW23_20x_2-2",23.2911,23.2911,88447.95225,88447.95225
373,"UW23","03_PPNB_UW23 cut 200x200 - PPNB_UW23_20x_3-1",13.9460666666667,13.9460666666667,52960.1881666667,52960.1881666667
374,"UW23","03_PPNB_UW23 cut 200x200 - PPNB_UW23_20x_3-2",14.4000333333333,14.4000333333333,54684.1265833333,54684.1265833333
375,"UW23","03_PPNB_UW23 cut 200x200 - PPNB_UW23_20x_4-1",20.0281333333333,20.0281333333333,76056.8363333334,76056.8363333334
376,"UW23","03_PPNB_UW23 cut 200x200 - PPNB_UW23_20x_4-2",19.5594,19.5594,74276.8215,74276.8215
377,"UW23","03_PPNB_UW23 cut 200x200 - PPNB_UW23_20x_5-1",29.9538666666667,29.9538666666667,113749.808666667,113749.808666667
378,"UW23","03_PPNB_UW23 cut 200x200 - PPNB_UW23_20x_5-2",26.8796666666667,26.8796666666667,102075.534166667,102075.534166667
379,"UW23","03_PPNB_UW23 cut 200x200 - PPNB_UW23_20x_6-1",8.54203333333333,8.54203333333333,32438.3715833333,32438.3715833333
380,"UW23","03_PPNB_UW23 cut 200x200 - PPNB_UW23_20x_6-2",7.27656666666667,7.27656666666667,27632.7619166667,27632.7619166667
381,"UW23","03_PPNB_UW23 cut 200x200 - PPNB_UW23_20x_7-1",7.52876666666666,7.52876666666666,28590.4914166667,28590.4914166667
382,"UW23","03_PPNB_UW23 cut 200x200 - PPNB_UW23_20x_7-2",9.58516666666666,9.58516666666666,36399.6704166667,36399.6704166667
383,"UW23","03_PPNB_UW23 cut 200x200 - PPNB_UW23_20x_8-1",13.8120666666667,13.8120666666667,52451.3231666667,52451.3231666667
384,"UW23","03_PPNB_UW23 cut 200x200 - PPNB_UW23_20x_8-2",7.021,7.021,26662.2475,26662.2475
386,"UW24","03_PPNB_UW24 cut 200x200 - PPNB_UW24_20x_1-1",12.9329666666667,12.9329666666667,49112.9409166667,49112.9409166667
387,"UW24","03_PPNB_UW24 cut 200x200 - PPNB_UW24_20x_1-2",8.71756666666667,8.71756666666667,33104.9594166667,33104.9594166667
388,"UW24","03_PPNB_UW24 cut 200x200 - PPNB_UW24_20x_2-1",8.7362,8.7362,33175.7195,33175.7195
389,"UW24","03_PPNB_UW24 cut 200x200 - PPNB_UW24_20x_2-2",6.8028,6.8028,25833.633,25833.633
390,"UW24","03_PPNB_UW24 cut 200x200 - PPNB_UW24_20x_2-3",6.6505,6.6505,25255.27375,25255.27375
391,"UW24","03_PPNB_UW24 cut 200x200 - PPNB_UW24_20x_3-1",9.40343333333333,9.40343333333333,35709.5380833333,35709.5380833333
392,"UW24","03_PPNB_UW24 cut 200x200 - PPNB_UW24_20x_3-2",7.70850000000001,7.70850000000001,29273.02875,29273.02875
393,"UW24","03_PPNB_UW24 cut 200x200 - PPNB_UW24_20x_3-3",8.17186666666666,8.17186666666666,31032.6636666667,31032.6636666667
394,"UW24","03_PPNB_UW24 cut 200x200 - PPNB_UW24_20x_4-1",18.7603333333333,18.7603333333333,71242.3658333333,71242.3658333333
395,"UW24","03_PPNB_UW24 cut 200x200 - PPNB_UW24_20x_4-2",15.7551333333333,15.7551333333333,59830.1188333333,59830.1188333333
396,"UW24","03_PPNB_UW24 cut 200x200 - PPNB_UW24_20x_5-1",16.0826333333333,16.0826333333333,61073.8000833333,61073.8000833333
397,"UW24","03_PPNB_UW24 cut 200x200 - PPNB_UW24_20x_6-1",17.6177666666667,17.6177666666667,66903.4689166667,66903.4689166667
401,"UW25","03_PPNB_UW25 cut 200x200 - PPNB_UW25_20x_1-1",13.3863333333333,13.3863333333333,50834.6008333333,50834.6008333333
402,"UW25","03_PPNB_UW25 cut 200x200 - PPNB_UW25_20x_1-2",12.1076,12.1076,45978.611,45978.611
403,"UW25","03_PPNB_UW25 cut 200x200 - PPNB_UW25_20x_1-3",9.7129,9.7129,36884.73775,36884.73775
404,"UW25","03_PPNB_UW25 cut 200x200 - PPNB_UW25_20x_2-1",9.1112,9.1112,34599.782,34599.782
405,"UW25","03_PPNB_UW25 cut 200x200 - PPNB_UW25_20x_2-2",12.4351,12.4351,47222.29225,47222.29225
406,"UW25","03_PPNB_UW25 cut 200x200 - PPNB_UW25_20x_3-1",17.8217333333333,17.8217333333333,67678.0323333333,67678.0323333333
407,"UW25","03_PPNB_UW25 cut 200x200 - PPNB_UW25_20x_3-2",15.3910333333333,15.3910333333333,58447.4490833333,58447.4490833333
408,"UW25","03_PPNB_UW25 cut 200x200 - PPNB_UW25_20x_4-1",10.0391,10.0391,38123.48225,38123.48225
409,"UW25","03_PPNB_UW25 cut 200x200 - PPNB_UW25_20x_5-1",8.98643333333333,8.98643333333333,34125.9805833333,34125.9805833333
410,"UW25","03_PPNB_UW25 cut 200x200 - PPNB_UW25_20x_5-2",9.44746666666667,9.44746666666667,35876.7546666667,35876.7546666667
411,"UW25","03_PPNB_UW25 cut 200x200 - PPNB_UW25_20x_5-3",13.2138333333333,13.2138333333333,50179.5320833333,50179.5320833333
412,"UW25","03_PPNB_UW25 cut 200x200 - PPNB_UW25_20x_6-1",4.5401,4.5401,17241.02975,17241.02975
413,"UW25","03_PPNB_UW25 cut 200x200 - PPNB_UW25_20x_6-2",6.73406666666667,6.73406666666667,25572.6181666667,25572.6181666667
414,"UW25","03_PPNB_UW25 cut 200x200 - PPNB_UW25_20x_6-3",5.4411,5.4411,20662.57725,20662.57725
415,"UW25","03_PPNB_UW25 cut 200x200 - PPNB_UW25_20x_6-4",7.11079999999999,7.11079999999999,27003.263,27003.263
416,"UW25","03_PPNB_UW25 cut 200x200 - PPNB_UW25_20x_7-1",16.7231,16.7231,63505.97225,63505.97225
417,"UW25","03_PPNB_UW25 cut 200x200 - PPNB_UW25_20x_7-2",12.5367666666667,12.5367666666667,47608.3714166667,47608.3714166667
418,"UW25","03_PPNB_UW25 cut 200x200 - PPNB_UW25_20x_8-1",25.1936333333333,25.1936333333333,95672.8225833334,95672.8225833334
419,"UW25","03_PPNB_UW25 cut 200x200 - PPNB_UW25_20x_8-2",21.1426666666667,21.1426666666667,80289.2766666667,80289.2766666667
420,"UW25","03_PPNB_UW25 cut 200x200 - PPNB_UW25_20x_8-3",12.8505666666667,12.8505666666667,48800.0269166667,48800.0269166667
421,"UW25","03_PPNB_UW25 cut 200x200 - PPNB_UW25_20x_8-4",16.4884333333333,16.4884333333333,62614.8255833333,62614.8255833333
422,"UW25","03_PPNB_UW25 cut 200x200 - PPNB_UW25_20x_9-1",28.5801333333334,28.5801333333334,108533.056333333,108533.056333333
426,"UW26","03_PPNB_UW26 cut 200x200 - PPNB_UW26_20x_1-1",20.8565333333334,20.8565333333334,79202.6853333334,79202.6853333334
427,"UW26","03_PPNB_UW26 cut 200x200 - PPNB_UW26_20x_1-2",22.7708,22.7708,86472.113,86472.113
428,"UW26","03_PPNB_UW26 cut 200x200 - PPNB_UW26_20x_10-1",28.483,28.483,108164.1925,108164.1925
429,"UW26","03_PPNB_UW26 cut 200x200 - PPNB_UW26_20x_10-2",28.7045666666667,28.7045666666667,109005.591916667,109005.591916667
430,"UW26","03_PPNB_UW26 cut 200x200 - PPNB_UW26_20x_10-3",23.1961333333333,23.1961333333333,88087.3163333334,88087.3163333334
431,"UW26","03_PPNB_UW26 cut 200x200 - PPNB_UW26_20x_11-1",28.7533333333333,28.7533333333333,109190.783333333,109190.783333333
432,"UW26","03_PPNB_UW26 cut 200x200 - PPNB_UW26_20x_11-2",20.4273333333333,20.4273333333333,77572.7983333334,77572.7983333334
433,"UW26","03_PPNB_UW26 cut 200x200 - PPNB_UW26_20x_2-1",18.7686333333333,18.7686333333333,71273.8850833333,71273.8850833333
434,"UW26","03_PPNB_UW26 cut 200x200 - PPNB_UW26_20x_2-2",21.8947666666667,21.8947666666667,83145.3764166667,83145.3764166667
435,"UW26","03_PPNB_UW26 cut 200x200 - PPNB_UW26_20x_3-1",19.5923,19.5923,74401.75925,74401.75925
436,"UW26","03_PPNB_UW26 cut 200x200 - PPNB_UW26_20x_3-2",27.5293333333334,27.5293333333334,104542.643333333,104542.643333333
437,"UW26","03_PPNB_UW26 cut 200x200 - PPNB_UW26_20x_4-1",1.34986666666667,1.34986666666667,5126.11866666667,5126.11866666667
438,"UW26","03_PPNB_UW26 cut 200x200 - PPNB_UW26_20x_4-2",12.1785,12.1785,46247.85375,46247.85375
439,"UW26","03_PPNB_UW26 cut 200x200 - PPNB_UW26_20x_4-3",12.8021,12.8021,48615.97475,48615.97475
440,"UW26","03_PPNB_UW26 cut 200x200 - PPNB_UW26_20x_5-1",7.7776,7.7776,29535.436,29535.436
441,"UW26","03_PPNB_UW26 cut 200x200 - PPNB_UW26_20x_5-2",6.6847,6.6847,25385.14825,25385.14825
442,"UW26","03_PPNB_UW26 cut 200x200 - PPNB_UW26_20x_6-1",8.66209999999999,8.66209999999999,32894.32475,32894.32475
443,"UW26","03_PPNB_UW26 cut 200x200 - PPNB_UW26_20x_6-2",9.9024,9.9024,37604.364,37604.364
444,"UW26","03_PPNB_UW26 cut 200x200 - PPNB_UW26_20x_7-1",23.1682333333334,23.1682333333334,87981.3660833334,87981.3660833334
445,"UW26","03_PPNB_UW26 cut 200x200 - PPNB_UW26_20x_7-2",21.1585333333333,21.1585333333333,80349.5303333333,80349.5303333333
446,"UW26","03_PPNB_UW26 cut 200x200 - PPNB_UW26_20x_8-1",26.8690333333333,26.8690333333333,102035.154083333,102035.154083333
447,"UW26","03_PPNB_UW26 cut 200x200 - PPNB_UW26_20x_8-2",25.4834666666667,25.4834666666667,96773.4646666667,96773.4646666667
451,"UW27","03_PPNB_UW27 cut 200x200 - PPNB_UW27_20x_1-1",27.3467666666667,27.3467666666667,103849.346416667,103849.346416667
452,"UW27","03_PPNB_UW27 cut 200x200 - PPNB_UW27_20x_1-2",27.2753333333333,27.2753333333333,103578.078333333,103578.078333333
453,"UW27","03_PPNB_UW27 cut 200x200 - PPNB_UW27_20x_1-3",16.1829,16.1829,61454.5627499999,61454.5627499999
454,"UW27","03_PPNB_UW27 cut 200x200 - PPNB_UW27_20x_2-1",26.697,26.697,101381.8575,101381.8575
455,"UW27","03_PPNB_UW27 cut 200x200 - PPNB_UW27_20x_2-2",27.3863333333333,27.3863333333333,103999.600833333,103999.600833333
456,"UW27","03_PPNB_UW27 cut 200x200 - PPNB_UW27_20x_3-1",16.9711666666667,16.9711666666667,64448.0054166667,64448.0054166667
457,"UW27","03_PPNB_UW27 cut 200x200 - PPNB_UW27_20x_3-2",13.6106666666667,13.6106666666667,51686.5066666667,51686.5066666667
458,"UW27","03_PPNB_UW27 cut 200x200 - PPNB_UW27_20x_3-3",15.7587333333333,15.7587333333333,59843.7898333333,59843.7898333333
459,"UW27","03_PPNB_UW27 cut 200x200 - PPNB_UW27_20x_4-1",24.5120333333334,24.5120333333334,93084.4465833334,93084.4465833334
460,"UW27","03_PPNB_UW27 cut 200x200 - PPNB_UW27_20x_5-1",27.2544333333333,27.2544333333333,103498.710583333,103498.710583333
461,"UW27","03_PPNB_UW27 cut 200x200 - PPNB_UW27_20x_5-2",18.6051,18.6051,70652.86725,70652.86725
462,"UW27","03_PPNB_UW27 cut 200x200 - PPNB_UW27_20x_6-1",12.4390333333333,12.4390333333333,47237.2290833333,47237.2290833333
463,"UW27","03_PPNB_UW27 cut 200x200 - PPNB_UW27_20x_6-2",12.4143666666667,12.4143666666667,47143.5574166667,47143.5574166667
464,"UW27","03_PPNB_UW27 cut 200x200 - PPNB_UW27_20x_7-1",12.5675333333333,12.5675333333333,47725.2078333333,47725.2078333333
467,"UW28","03_PPNB_UW28 cut 200x200 - PPNB_UW28_20x_1-1",25.7818333333333,25.7818333333333,97906.5120833333,97906.5120833333
468,"UW28","03_PPNB_UW28 cut 200x200 - PPNB_UW28_20x_2-1",25.3933,25.3933,96431.05675,96431.05675
469,"UW28","03_PPNB_UW28 cut 200x200 - PPNB_UW28_20x_2-2",21.2491666666667,21.2491666666667,80693.7104166667,80693.7104166667
470,"UW28","03_PPNB_UW28 cut 200x200 - PPNB_UW28_20x_2-3",28.4345666666667,28.4345666666667,107980.266916667,107980.266916667
471,"UW28","03_PPNB_UW28 cut 200x200 - PPNB_UW28_20x_2-4",27.0442,27.0442,102700.3495,102700.3495
472,"UW28","03_PPNB_UW28 cut 200x200 - PPNB_UW28_20x_3-1",25.8519333333333,25.8519333333333,98172.7168333333,98172.7168333333
473,"UW28","03_PPNB_UW28 cut 200x200 - PPNB_UW28_20x_3-2",27.4417666666667,27.4417666666667,104210.108916667,104210.108916667
474,"UW28","03_PPNB_UW28 cut 200x200 - PPNB_UW28_20x_3-3",23.5465,23.5465,89417.83375,89417.83375
475,"UW28","03_PPNB_UW28 cut 200x200 - PPNB_UW28_20x_4-1",23.7293,23.7293,90112.01675,90112.01675
476,"UW28","03_PPNB_UW28 cut 200x200 - PPNB_UW28_20x_4-2",24.3235333333333,24.3235333333333,92368.6178333332,92368.6178333332
477,"UW28","03_PPNB_UW28 cut 200x200 - PPNB_UW28_20x_5-1",28.7077,28.7077,109017.49075,109017.49075
478,"UW28","03_PPNB_UW28 cut 200x200 - PPNB_UW28_20x_5-2",22.5899333333333,22.5899333333333,85785.2718333333,85785.2718333333
479,"UW28","03_PPNB_UW28 cut 200x200 - PPNB_UW28_20x_6-1",22.5515666666667,22.5515666666667,85639.5744166666,85639.5744166666
480,"UW28","03_PPNB_UW28 cut 200x200 - PPNB_UW28_20x_6-2",19.7067333333333,19.7067333333333,74836.3198333333,74836.3198333333
481,"UW28","03_PPNB_UW28 cut 200x200 - PPNB_UW28_20x_6-3",27.9503666666667,27.9503666666667,106141.517416667,106141.517416667
482,"UW28","03_PPNB_UW28 cut 200x200 - PPNB_UW28_20x_7-1",24.5647666666667,24.5647666666667,93284.7014166666,93284.7014166666
483,"UW28","03_PPNB_UW28 cut 200x200 - PPNB_UW28_20x_7-2",23.8323,23.8323,90503.1592500001,90503.1592500001
484,"UW28","03_PPNB_UW28 cut 200x200 - PPNB_UW28_20x_7-3",16.4715,16.4715,62550.52125,62550.52125
485,"UW28","03_PPNB_UW28 cut 200x200 - PPNB_UW28_20x_8-1",14.7854333333333,14.7854333333333,56147.6830833333,56147.6830833333
486,"UW28","03_PPNB_UW28 cut 200x200 - PPNB_UW28_20x_8-2",13.5222333333333,13.5222333333333,51350.6810833333,51350.6810833333
487,"UW28","03_PPNB_UW28 cut 200x200 - PPNB_UW28_20x_8-3",21.0061,21.0061,79770.66475,79770.66475
488,"UW28","03_PPNB_UW28 cut 200x200 - PPNB_UW28_20x_8-4",20.0626333333333,20.0626333333333,76187.8500833333,76187.8500833333
489,"UW28","03_PPNB_UW28 cut 200x200 - PPNB_UW28_20x_9-1",20.0042666666667,20.0042666666667,75966.2026666667,75966.2026666667
491,"UW29","03_PPNB_UW29 cut 200x200 - PPNB_UW29_20x_1-1",6.57776666666667,6.57776666666667,24979.0689166667,24979.0689166667
492,"UW29","03_PPNB_UW29 cut 200x200 - PPNB_UW29_20x_1-2",6.94336666666666,6.94336666666666,26367.4349166667,26367.4349166667
493,"UW29","03_PPNB_UW29 cut 200x200 - PPNB_UW29_20x_2-1",7.3297,7.3297,27834.53575,27834.53575
494,"UW29","03_PPNB_UW29 cut 200x200 - PPNB_UW29_20x_2-2",7.45873333333334,7.45873333333334,28324.5398333334,28324.5398333334
495,"UW29","03_PPNB_UW29 cut 200x200 - PPNB_UW29_20x_2-3",7.74406666666666,7.74406666666666,29408.0931666667,29408.0931666667
496,"UW29","03_PPNB_UW29 cut 200x200 - PPNB_UW29_20x_3-1",7.5966,7.5966,28848.0885,28848.0885
497,"UW29","03_PPNB_UW29 cut 200x200 - PPNB_UW29_20x_3-2",7.24449999999999,7.24449999999999,27510.98875,27510.98875
498,"UW29","03_PPNB_UW29 cut 200x200 - PPNB_UW29_20x_3-3",7.212,7.212,27387.57,27387.57
499,"UW29","03_PPNB_UW29 cut 200x200 - PPNB_UW29_20x_4-1",8.27033333333333,8.27033333333333,31406.5908333333,31406.5908333333
500,"UW29","03_PPNB_UW29 cut 200x200 - PPNB_UW29_20x_4-2",6.7978,6.7978,25814.6455,25814.6455
501,"UW29","03_PPNB_UW29 cut 200x200 - PPNB_UW29_20x_5-1",10.8074666666667,10.8074666666667,41041.3546666667,41041.3546666667
502,"UW29","03_PPNB_UW29 cut 200x200 - PPNB_UW29_20x_5-2",8.78193333333333,8.78193333333333,33349.3918333333,33349.3918333333
503,"UW29","03_PPNB_UW29 cut 200x200 - PPNB_UW29_20x_5-3",7.01456666666666,7.01456666666666,26637.8169166666,26637.8169166666
504,"UW29","03_PPNB_UW29 cut 200x200 - PPNB_UW29_20x_5-4",6.8085,6.8085,25855.27875,25855.27875
505,"UW29","03_PPNB_UW29 cut 200x200 - PPNB_UW29_20x_6-1",12.911,12.911,49029.5225,49029.5225
506,"UW29","03_PPNB_UW29 cut 200x200 - PPNB_UW29_20x_6-2",2.96223333333334,2.96223333333334,11249.0810833333,11249.0810833333
507,"UW29","03_PPNB_UW29 cut 200x200 - PPNB_UW29_20x_6-3",6.94603333333334,6.94603333333334,26377.5615833333,26377.5615833333
508,"UW29","03_PPNB_UW29 cut 200x200 - PPNB_UW29_20x_6-4",6.69726666666666,6.69726666666666,25432.8701666667,25432.8701666667
509,"UW29","03_PPNB_UW29 cut 200x200 - PPNB_UW29_20x_7-1",8.98353333333333,8.98353333333333,34114.9678333333,34114.9678333333
510,"UW29","03_PPNB_UW29 cut 200x200 - PPNB_UW29_20x_7-2",5.69826666666667,5.69826666666667,21639.1676666667,21639.1676666667
511,"UW29","03_PPNB_UW29 cut 200x200 - PPNB_UW29_20x_7-3",5.23083333333333,5.23083333333333,19864.0895833333,19864.0895833333
512,"UW29","03_PPNB_UW29 cut 200x200 - PPNB_UW29_20x_7-4",7.02773333333333,7.02773333333333,26687.8173333333,26687.8173333333
513,"UW29","03_PPNB_UW29 cut 200x200 - PPNB_UW29_20x_8-1",5.91096666666667,5.91096666666667,22446.8959166667,22446.8959166667
514,"UW29","03_PPNB_UW29 cut 200x200 - PPNB_UW29_20x_8-2",7.64003333333333,7.64003333333333,29013.0265833333,29013.0265833333
516,"UW30","03_PPNB_UW30 cut 200x200 - PPNB_UW30_20x_1-2",23.6516,23.6516,89816.951,89816.951
517,"UW30","03_PPNB_UW30 cut 200x200 - PPNB_UW30_20x_1-3",6.7591,6.7591,25667.68225,25667.68225
518,"UW30","03_PPNB_UW30 cut 200x200 - PPNB_UW30_20x_1-4",6.8957,6.8957,26186.42075,26186.42075
519,"UW30","03_PPNB_UW30 cut 200x200 - PPNB_UW30_20x_2-1",7.91626666666666,7.91626666666666,30062.0226666667,30062.0226666667
520,"UW30","03_PPNB_UW30 cut 200x200 - PPNB_UW30_20x_2-2",7.23956666666666,7.23956666666666,27492.2544166667,27492.2544166667
521,"UW30","03_PPNB_UW30 cut 200x200 - PPNB_UW30_20x_2-3",7.5087,7.5087,28514.28825,28514.28825
522,"UW30","03_PPNB_UW30 cut 200x200 - PPNB_UW30_20x_3-1",7.95946666666667,7.95946666666667,30226.0746666667,30226.0746666667
523,"UW30","03_PPNB_UW30 cut 200x200 - PPNB_UW30_20x_3-2",6.1796,6.1796,23467.031,23467.031
527,"UW32","03_PPNB_UW32 cut 200x200 - PPNB_UW32_20x_1-1",14.4419666666667,14.4419666666667,54843.3684166667,54843.3684166667
528,"UW32","03_PPNB_UW32 cut 200x200 - PPNB_UW32_20x_1-2",16.2078333333333,16.2078333333333,61549.2470833333,61549.2470833333
529,"UW32","03_PPNB_UW32 cut 200x200 - PPNB_UW32_20x_1-3",7.64406666666667,7.64406666666667,29028.3431666667,29028.3431666667
530,"UW32","03_PPNB_UW32 cut 200x200 - PPNB_UW32_20x_2-1",17.0386666666667,17.0386666666667,64704.3366666667,64704.3366666667
531,"UW32","03_PPNB_UW32 cut 200x200 - PPNB_UW32_20x_2-2",8.69553333333333,8.69553333333333,33021.2878333333,33021.2878333333
532,"UW32","03_PPNB_UW32 cut 200x200 - PPNB_UW32_20x_3-1",7.12346666666667,7.12346666666667,27051.3646666667,27051.3646666667
533,"UW32","03_PPNB_UW32 cut 200x200 - PPNB_UW32_20x_3-2",7.53303333333333,7.53303333333333,28606.6940833333,28606.6940833333
534,"UW32","03_PPNB_UW32 cut 200x200 - PPNB_UW32_20x_4-1",12.3487666666667,12.3487666666667,46894.4414166667,46894.4414166667
535,"UW32","03_PPNB_UW32 cut 200x200 - PPNB_UW32_20x_4-2",7.53713333333333,7.53713333333333,28622.2638333333,28622.2638333333
536,"UW32","03_PPNB_UW32 cut 200x200 - PPNB_UW32_20x_4-3",7.30786666666667,7.30786666666667,27751.6236666667,27751.6236666667
537,"UW32","03_PPNB_UW32 cut 200x200 - PPNB_UW32_20x_5-1",26.326,26.326,99972.985,99972.985
538,"UW32","03_PPNB_UW32 cut 200x200 - PPNB_UW32_20x_5-2",13.28,13.28,50430.8,50430.8
539,"UW32","03_PPNB_UW32 cut 200x200 - PPNB_UW32_20x_5-3",11.9912333333333,11.9912333333333,45536.7085833333,45536.7085833333
540,"UW32","03_PPNB_UW32 cut 200x200 - PPNB_UW32_20x_6-1",11.1387333333333,11.1387333333333,42299.3398333334,42299.3398333334
541,"UW32","03_PPNB_UW32 cut 200x200 - PPNB_UW32_20x_6-2",10.2178666666667,10.2178666666667,38802.3486666667,38802.3486666667
542,"UW32","03_PPNB_UW32 cut 200x200 - PPNB_UW32_20x_7-1",13.0403666666667,13.0403666666667,49520.7924166666,49520.7924166666
543,"UW32","03_PPNB_UW32 cut 200x200 - PPNB_UW32_20x_7-2",12.2777,12.2777,46624.56575,46624.56575
544,"UW32","03_PPNB_UW32 cut 200x200 - PPNB_UW32_20x_8-1",14.9260666666667,14.9260666666667,56681.7381666667,56681.7381666667
547,"UW33","03_PPNB_UW33 burnt cut 200x200 - PPNB_UW33_20x_1-1",26.8441,26.8441,101940.46975,101940.46975
548,"UW33","03_PPNB_UW33 burnt cut 200x200 - PPNB_UW33_20x_1-2",27.5699,27.5699,104696.69525,104696.69525
549,"UW33","03_PPNB_UW33 burnt cut 200x200 - PPNB_UW33_20x_1-3",28.1285666666667,28.1285666666667,106818.231916667,106818.231916667
550,"UW33","03_PPNB_UW33 burnt cut 200x200 - PPNB_UW33_20x_1-4",25.4845,25.4845,96777.38875,96777.38875
551,"UW33","03_PPNB_UW33 burnt cut 200x200 - PPNB_UW33_20x_2-1",19.9208333333333,19.9208333333333,75649.3645833333,75649.3645833333
552,"UW33","03_PPNB_UW33 burnt cut 200x200 - PPNB_UW33_20x_3-1",24.557,24.557,93255.2075,93255.2075
553,"UW33","03_PPNB_UW33 burnt cut 200x200 - PPNB_UW33_20x_4-1",9.72096666666667,9.72096666666667,36915.3709166667,36915.3709166667
554,"UW33","03_PPNB_UW33 burnt cut 200x200 - PPNB_UW33_20x_4-2",13.0679,13.0679,49625.35025,49625.35025
555,"UW33","03_PPNB_UW33 burnt cut 200x200 - PPNB_UW33_20x_4-3",15.3102666666667,15.3102666666667,58140.7376666667,58140.7376666667
556,"UW33","03_PPNB_UW33 burnt cut 200x200 - PPNB_UW33_20x_5-1",17.5059666666667,17.5059666666667,66478.9084166667,66478.9084166667
557,"UW33","03_PPNB_UW33 burnt cut 200x200 - PPNB_UW33_20x_5-2",23.4025,23.4025,88870.99375,88870.99375
559,"UW34","03_PPNB_UW34 cut 200x200 - PPNB_UW34_20x_2-1",19.677,19.677,74723.4075,74723.4075
560,"UW34","03_PPNB_UW34 cut 200x200 - PPNB_UW34_20x_2-2",25.9088666666667,25.9088666666667,98388.9211666666,98388.9211666666
561,"UW34","03_PPNB_UW34 cut 200x200 - PPNB_UW34_20x_2-3",17.8761,17.8761,67884.48975,67884.48975
562,"UW34","03_PPNB_UW34 cut 200x200 - PPNB_UW34_20x_3-1",25.3862333333333,25.3862333333333,96404.2210833333,96404.2210833333
563,"UW34","03_PPNB_UW34 cut 200x200 - PPNB_UW34_20x_3-2",26.7231333333333,26.7231333333333,101481.098833333,101481.098833333
564,"UW34","03_PPNB_UW34 cut 200x200 - PPNB_UW34_20x_4-1",18.1737333333333,18.1737333333333,69014.7523333334,69014.7523333334
565,"UW34","03_PPNB_UW34 cut 200x200 - PPNB_UW34_20x_4-2",14.0281666666667,14.0281666666667,53271.9629166667,53271.9629166667
566,"UW34","03_PPNB_UW34 cut 200x200 - PPNB_UW34_20x_5-1",15.1483333333333,15.1483333333333,57525.7958333333,57525.7958333333
567,"UW34","03_PPNB_UW34 cut 200x200 - PPNB_UW34_20x_5-2",14.6294666666667,14.6294666666667,55555.3996666667,55555.3996666667
568,"UW34","03_PPNB_UW34 cut 200x200 - PPNB_UW34_20x_6-1",9.30146666666667,9.30146666666667,35322.3196666667,35322.3196666667
569,"UW34","03_PPNB_UW34 cut 200x200 - PPNB_UW34_20x_6-2",8.5908,8.5908,32623.563,32623.563
570,"UW34","03_PPNB_UW34 cut 200x200 - PPNB_UW34_20x_7-1",12.0316666666667,12.0316666666667,45690.2541666667,45690.2541666667
571,"UW34","03_PPNB_UW34 cut 200x200 - PPNB_UW34_20x_7-2",8.48096666666667,8.48096666666667,32206.4709166667,32206.4709166667
572,"UW34","03_PPNB_UW34 cut 200x200 - PPNB_UW34_20x_8-1",16.9234666666667,16.9234666666667,64266.8646666667,64266.8646666667
573,"UW34","03_PPNB_UW34 cut 200x200 - PPNB_UW34_20x_8-2",7.54933333333333,7.54933333333333,28668.5933333333,28668.5933333333
574,"UW34","03_PPNB_UW34 cut 200x200 - PPNB_UW34_20x_9-1",14.3787333333333,14.3787333333333,54603.2398333334,54603.2398333334
577,"UW35","03_PPNB_UW35 cut 200x200 - PPNB_UW35_20x_2-1",27.2666333333333,27.2666333333333,103545.040083333,103545.040083333
578,"UW35","03_PPNB_UW35 cut 200x200 - PPNB_UW35_20x_3-1",25.67,25.67,97481.825,97481.825
579,"UW35","03_PPNB_UW35 cut 200x200 - PPNB_UW35_20x_3-2",17.6199666666667,17.6199666666667,66911.8234166667,66911.8234166667
580,"UW35","03_PPNB_UW35 cut 200x200 - PPNB_UW35_20x_4-1",NA,NA,NA,NA
581,"UW35","03_PPNB_UW35 cut 200x200 - PPNB_UW35_20x_5-1",20.5297,20.5297,77961.53575,77961.53575
582,"UW35","03_PPNB_UW35 cut 200x200 - PPNB_UW35_20x_6-1",7.56463333333333,7.56463333333333,28726.6950833333,28726.6950833333
583,"UW35","03_PPNB_UW35 cut 200x200 - PPNB_UW35_20x_6-2",7.8445,7.8445,29789.48875,29789.48875
584,"UW35","03_PPNB_UW35 cut 200x200 - PPNB_UW35_20x_7-1",13.3337,13.3337,50634.72575,50634.72575
585,"UW35","03_PPNB_UW35 cut 200x200 - PPNB_UW35_20x_7-2",8.6112,8.6112,32701.032,32701.032
586,"UW35","03_PPNB_UW35 cut 200x200 - PPNB_UW35_20x_8-1",8.77886666666667,8.77886666666667,33337.7461666667,33337.7461666667
587,"UW35","03_PPNB_UW35 cut 200x200 - PPNB_UW35_20x_8-2",10.1994333333333,10.1994333333333,38732.3480833333,38732.3480833333
588,"UW35","03_PPNB_UW35 cut 200x200 - PPNB_UW35_20x_8-3",7.47193333333333,7.47193333333333,28374.6668333333,28374.6668333333
589,"UW35","03_PPNB_UW35 cut 200x200 - PPNB_UW35_20x_9-1",6.8584,6.8584,26044.774,26044.774
590,"UW35","03_PPNB_UW35 cut 200x200 - PPNB_UW35_20x_9-2",6.6259,6.6259,25161.85525,25161.85525
591,"UW35","03_PPNB_UW35 cut 200x200 - PPNB_UW35_20x_9-3",6.46866666666667,6.46866666666667,24564.7616666667,24564.7616666667
593,"UW36","03_PPNB_UW36 cut 200x200 - PPNB_UW36_20x_1-2",8.88656666666667,8.88656666666667,33746.7369166667,33746.7369166667
594,"UW36","03_PPNB_UW36 cut 200x200 - PPNB_UW36_20x_1-3",16.0149666666667,16.0149666666667,60816.8359166667,60816.8359166667
595,"UW36","03_PPNB_UW36 cut 200x200 - PPNB_UW36_20x_2-1",7.92036666666666,7.92036666666666,30077.5924166667,30077.5924166667
596,"UW36","03_PPNB_UW36 cut 200x200 - PPNB_UW36_20x_2-2",23.4577333333334,23.4577333333334,89080.7423333334,89080.7423333334
597,"UW36","03_PPNB_UW36 cut 200x200 - PPNB_UW36_20x_3-1",8.04236666666667,8.04236666666667,30540.8874166667,30540.8874166667
598,"UW36","03_PPNB_UW36 cut 200x200 - PPNB_UW36_20x_4-1",11.2723,11.2723,42806.55925,42806.55925
599,"UW36","03_PPNB_UW36 cut 200x200 - PPNB_UW36_20x_4-2",8.83393333333333,8.83393333333333,33546.8618333333,33546.8618333333
600,"UW36","03_PPNB_UW36 cut 200x200 - PPNB_UW36_20x_4-3",13.5212333333333,13.5212333333333,51346.8835833334,51346.8835833334
601,"UW36","03_PPNB_UW36 cut 200x200 - PPNB_UW36_20x_5-1",6.19413333333334,6.19413333333334,23522.2213333333,23522.2213333333
602,"UW36","03_PPNB_UW36 cut 200x200 - PPNB_UW36_20x_5-2",9.7822,9.7822,37147.9045,37147.9045
603,"UW36","03_PPNB_UW36 cut 200x200 - PPNB_UW36_20x_5-3",8.06719999999999,8.06719999999999,30635.192,30635.192
604,"UW36","03_PPNB_UW36 cut 200x200 - PPNB_UW36_20x_6-1",1.20756666666667,1.20756666666667,4585.73441666667,4585.73441666667
605,"UW36","03_PPNB_UW36 cut 200x200 - PPNB_UW36_20x_6-2",1.42706666666667,1.42706666666667,5419.28566666667,5419.28566666667
606,"UW36","03_PPNB_UW36 cut 200x200 - PPNB_UW36_20x_6-3",0.485766666666666,0.485766666666666,1844.69891666667,1844.69891666667
607,"UW36","03_PPNB_UW36 cut 200x200 - PPNB_UW36_20x_7-1",12.8448333333333,12.8448333333333,48778.2545833333,48778.2545833333
608,"UW36","03_PPNB_UW36 cut 200x200 - PPNB_UW36_20x_7-2",19.2882333333333,19.2882333333333,73247.0660833333,73247.0660833333
609,"UW36","03_PPNB_UW36 cut 200x200 - PPNB_UW36_20x_7-3",8.2617,8.2617,31373.80575,31373.80575
610,"UW36","03_PPNB_UW36 cut 200x200 - PPNB_UW36_20x_8-1",7.47996666666667,7.47996666666667,28405.1734166667,28405.1734166667
611,"UW36","03_PPNB_UW36 cut 200x200 - PPNB_UW36_20x_8-2",6.3266,6.3266,24025.2635,24025.2635
612,"UW36","03_PPNB_UW36 cut 200x200 - PPNB_UW36_20x_8-3",6.92436666666666,6.92436666666666,26295.2824166667,26295.2824166667
616,"UW37","03_PPNB_UW37 cut 200x200 - PPNB_UW37_20x_1-1",18.4344333333333,18.4344333333333,70004.7605833334,70004.7605833334
617,"UW37","03_PPNB_UW37 cut 200x200 - PPNB_UW37_20x_1-2",20.5432,20.5432,78012.802,78012.802
618,"UW37","03_PPNB_UW37 cut 200x200 - PPNB_UW37_20x_1-3",22.211,22.211,84346.2725000001,84346.2725000001
619,"UW37","03_PPNB_UW37 cut 200x200 - PPNB_UW37_20x_10-1",15.5209,15.5209,58940.61775,58940.61775
620,"UW37","03_PPNB_UW37 cut 200x200 - PPNB_UW37_20x_10-2",11.0683,11.0683,42031.86925,42031.86925
621,"UW37","03_PPNB_UW37 cut 200x200 - PPNB_UW37_20x_10-3",26.2533666666667,26.2533666666667,99697.1599166667,99697.1599166667
622,"UW37","03_PPNB_UW37 cut 200x200 - PPNB_UW37_20x_2-1",27.0482666666667,27.0482666666667,102715.792666667,102715.792666667
623,"UW37","03_PPNB_UW37 cut 200x200 - PPNB_UW37_20x_2-2",20.7134,20.7134,78659.1365,78659.1365
624,"UW37","03_PPNB_UW37 cut 200x200 - PPNB_UW37_20x_2-3",17.9740666666667,17.9740666666667,68256.5181666667,68256.5181666667
625,"UW37","03_PPNB_UW37 cut 200x200 - PPNB_UW37_20x_3-1",20.4282333333333,20.4282333333333,77576.2160833333,77576.2160833333
626,"UW37","03_PPNB_UW37 cut 200x200 - PPNB_UW37_20x_3-2",12.5234,12.5234,47557.6115,47557.6115
627,"UW37","03_PPNB_UW37 cut 200x200 - PPNB_UW37_20x_4-1",9.16443333333333,9.16443333333333,34801.9355833333,34801.9355833333
628,"UW37","03_PPNB_UW37 cut 200x200 - PPNB_UW37_20x_4-2",7.46703333333333,7.46703333333333,28356.0590833333,28356.0590833333
629,"UW37","03_PPNB_UW37 cut 200x200 - PPNB_UW37_20x_4-3",7.22493333333333,7.22493333333333,27436.6843333333,27436.6843333333
630,"UW37","03_PPNB_UW37 cut 200x200 - PPNB_UW37_20x_5-1",24.1759,24.1759,91807.98025,91807.98025
631,"UW37","03_PPNB_UW37 cut 200x200 - PPNB_UW37_20x_5-2",22.6553333333333,22.6553333333333,86033.6283333334,86033.6283333334
632,"UW37","03_PPNB_UW37 cut 200x200 - PPNB_UW37_20x_6-1",17.5611,17.5611,66688.27725,66688.27725
633,"UW37","03_PPNB_UW37 cut 200x200 - PPNB_UW37_20x_6-2",14.8745333333333,14.8745333333333,56486.0403333333,56486.0403333333
634,"UW37","03_PPNB_UW37 cut 200x200 - PPNB_UW37_20x_6-3",14.5522,14.5522,55261.9795,55261.9795
635,"UW37","03_PPNB_UW37 cut 200x200 - PPNB_UW37_20x_7-1",24.8876666666667,24.8876666666667,94510.9141666667,94510.9141666667
636,"UW37","03_PPNB_UW37 cut 200x200 - PPNB_UW37_20x_7-2",23.5411333333333,23.5411333333333,89397.4538333334,89397.4538333334
637,"UW37","03_PPNB_UW37 cut 200x200 - PPNB_UW37_20x_7-3",19.4722,19.4722,73945.6795,73945.6795
638,"UW37","03_PPNB_UW37 cut 200x200 - PPNB_UW37_20x_8-1",26.7750333333333,26.7750333333333,101678.189083333,101678.189083333
639,"UW37","03_PPNB_UW37 cut 200x200 - PPNB_UW37_20x_8-2",26.7079666666667,26.7079666666667,101423.503416667,101423.503416667
640,"UW37","03_PPNB_UW37 cut 200x200 - PPNB_UW37_20x_8-3",23.5785,23.5785,89539.35375,89539.35375
641,"UW37","03_PPNB_UW37 cut 200x200 - PPNB_UW37_20x_9-1",26.4746666666667,26.4746666666667,100537.546666667,100537.546666667
643,"UW38","03_PPNB_UW38 cut 200x200 - PPNB_UW38_20x_1-1",27.8539,27.8539,105775.18525,105775.18525
644,"UW38","03_PPNB_UW38 cut 200x200 - PPNB_UW38_20x_1-2",25.9378666666667,25.9378666666667,98499.0486666667,98499.0486666667
645,"UW38","03_PPNB_UW38 cut 200x200 - PPNB_UW38_20x_10-1",26.1746666666667,26.1746666666667,99398.2966666667,99398.2966666667
646,"UW38","03_PPNB_UW38 cut 200x200 - PPNB_UW38_20x_10-2",27.0666,27.0666,102785.4135,102785.4135
647,"UW38","03_PPNB_UW38 cut 200x200 - PPNB_UW38_20x_10-3",28.0441333333333,28.0441333333333,106497.596333333,106497.596333333
648,"UW38","03_PPNB_UW38 cut 200x200 - PPNB_UW38_20x_2-1",27.8495333333333,27.8495333333333,105758.602833333,105758.602833333
649,"UW38","03_PPNB_UW38 cut 200x200 - PPNB_UW38_20x_3-1",26.6767,26.6767,101304.76825,101304.76825
650,"UW38","03_PPNB_UW38 cut 200x200 - PPNB_UW38_20x_4-1",27.7779333333333,27.7779333333333,105486.701833333,105486.701833333
651,"UW38","03_PPNB_UW38 cut 200x200 - PPNB_UW38_20x_4-2",27.3652666666667,27.3652666666667,103919.600166667,103919.600166667
652,"UW38","03_PPNB_UW38 cut 200x200 - PPNB_UW38_20x_4-3",27.5497,27.5497,104619.98575,104619.98575
653,"UW38","03_PPNB_UW38 cut 200x200 - PPNB_UW38_20x_5-1",24.5139333333333,24.5139333333333,93091.6618333333,93091.6618333333
654,"UW38","03_PPNB_UW38 cut 200x200 - PPNB_UW38_20x_6-1",23.554,23.554,89446.3150000001,89446.3150000001
655,"UW38","03_PPNB_UW38 cut 200x200 - PPNB_UW38_20x_6-2",26.1453666666667,26.1453666666667,99287.0299166667,99287.0299166667
656,"UW38","03_PPNB_UW38 cut 200x200 - PPNB_UW38_20x_6-3",21.3223,21.3223,80971.4342500001,80971.4342500001
657,"UW38","03_PPNB_UW38 cut 200x200 - PPNB_UW38_20x_7-1",27.6409666666667,27.6409666666667,104966.570916667,104966.570916667
658,"UW38","03_PPNB_UW38 cut 200x200 - PPNB_UW38_20x_7-2",28.1553333333333,28.1553333333333,106919.878333333,106919.878333333
659,"UW38","03_PPNB_UW38 cut 200x200 - PPNB_UW38_20x_7-3",28.3620666666667,28.3620666666667,107704.948166667,107704.948166667
660,"UW38","03_PPNB_UW38 cut 200x200 - PPNB_UW38_20x_7-4",29.0577,29.0577,110346.61575,110346.61575
661,"UW38","03_PPNB_UW38 cut 200x200 - PPNB_UW38_20x_8-1",28.6640666666667,28.6640666666667,108851.793166667,108851.793166667
662,"UW38","03_PPNB_UW38 cut 200x200 - PPNB_UW38_20x_8-2",25.2170333333333,25.2170333333333,95761.6840833333,95761.6840833333
666,"UW39","03_PPNB_UW39 cut 200x200 - PPNB_UW39_20x_1-1",7.33153333333334,7.33153333333334,27841.4978333333,27841.4978333333
667,"UW39","03_PPNB_UW39 cut 200x200 - PPNB_UW39_20x_1-2",4.48733333333333,4.48733333333333,17040.6483333333,17040.6483333333
668,"UW39","03_PPNB_UW39 cut 200x200 - PPNB_UW39_20x_1-3",6.90656666666667,6.90656666666667,26227.6869166667,26227.6869166667
669,"UW39","03_PPNB_UW39 cut 200x200 - PPNB_UW39_20x_1-4",7.5426,7.5426,28643.0235,28643.0235
670,"UW39","03_PPNB_UW39 cut 200x200 - PPNB_UW39_20x_2-1",8.6954,8.6954,33020.7815,33020.7815
671,"UW39","03_PPNB_UW39 cut 200x200 - PPNB_UW39_20x_2-2",7.60213333333333,7.60213333333333,28869.1013333333,28869.1013333333
672,"UW39","03_PPNB_UW39 cut 200x200 - PPNB_UW39_20x_2-3",11.0661,11.0661,42023.51475,42023.51475
673,"UW39","03_PPNB_UW39 cut 200x200 - PPNB_UW39_20x_3-1",8.92993333333334,8.92993333333334,33911.4218333333,33911.4218333333
674,"UW39","03_PPNB_UW39 cut 200x200 - PPNB_UW39_20x_3-2",7.91,7.91,30038.225,30038.225
675,"UW39","03_PPNB_UW39 cut 200x200 - PPNB_UW39_20x_4-1",5.3997,5.3997,20505.36075,20505.36075
676,"UW39","03_PPNB_UW39 cut 200x200 - PPNB_UW39_20x_4-2",4.63713333333333,4.63713333333333,17609.5138333333,17609.5138333333
677,"UW39","03_PPNB_UW39 cut 200x200 - PPNB_UW39_20x_4-3",7.7669,7.7669,29494.80275,29494.80275
678,"UW39","03_PPNB_UW39 cut 200x200 - PPNB_UW39_20x_5-1",8.48643333333333,8.48643333333333,32227.2305833333,32227.2305833333
679,"UW39","03_PPNB_UW39 cut 200x200 - PPNB_UW39_20x_5-2",7.43883333333333,7.43883333333333,28248.9695833333,28248.9695833333
681,"UW40","03_PPNB_UW40 cut 200x200 - PPNB_UW40_20x_1-2",15.3969,15.3969,58469.7277499999,58469.7277499999
682,"UW40","03_PPNB_UW40 cut 200x200 - PPNB_UW40_20x_1-3",18.8358666666667,18.8358666666667,71529.2036666666,71529.2036666666
683,"UW40","03_PPNB_UW40 cut 200x200 - PPNB_UW40_20x_2-1",28.7811,28.7811,109296.22725,109296.22725
684,"UW40","03_PPNB_UW40 cut 200x200 - PPNB_UW40_20x_2-2",23.1292666666667,23.1292666666667,87833.3901666667,87833.3901666667
685,"UW40","03_PPNB_UW40 cut 200x200 - PPNB_UW40_20x_2-3",24.0750666666667,24.0750666666667,91425.0656666666,91425.0656666666
686,"UW40","03_PPNB_UW40 cut 200x200 - PPNB_UW40_20x_3-1",19.5430666666667,19.5430666666667,74214.7956666666,74214.7956666666
687,"UW40","03_PPNB_UW40 cut 200x200 - PPNB_UW40_20x_3-2",16.4427666666667,16.4427666666667,62441.4064166667,62441.4064166667
688,"UW40","03_PPNB_UW40 cut 200x200 - PPNB_UW40_20x_3-3",19.3395333333333,19.3395333333333,73441.8778333333,73441.8778333333
689,"UW40","03_PPNB_UW40 cut 200x200 - PPNB_UW40_20x_4-1",20.4932333333333,20.4932333333333,77823.0535833333,77823.0535833333
690,"UW40","03_PPNB_UW40 cut 200x200 - PPNB_UW40_20x_5-1",14.8678,14.8678,56460.4705,56460.4705
691,"UW40","03_PPNB_UW40 cut 200x200 - PPNB_UW40_20x_5-2",20.3341,20.3341,77218.74475,77218.74475
692,"UW40","03_PPNB_UW40 cut 200x200 - PPNB_UW40_20x_6-1",14.1194,14.1194,53618.4215,53618.4215
693,"UW40","03_PPNB_UW40 cut 200x200 - PPNB_UW40_20x_6-2",16.7512333333333,16.7512333333333,63612.8085833333,63612.8085833333
694,"UW40","03_PPNB_UW40 cut 200x200 - PPNB_UW40_20x_7-1",6.20653333333334,6.20653333333334,23569.3103333333,23569.3103333333
695,"UW40","03_PPNB_UW40 cut 200x200 - PPNB_UW40_20x_7-2",7.95826666666667,7.95826666666667,30221.5176666667,30221.5176666667
696,"UW40","03_PPNB_UW40 cut 200x200 - PPNB_UW40_20x_8-1",3.22826666666667,3.22826666666667,12259.3426666667,12259.3426666667
700,"UW42","03_PPNB_UW42 cut 200x200 - PPNB_UW42_20x_1-1",7.6493,7.6493,29048.21675,29048.21675
701,"UW42","03_PPNB_UW42 cut 200x200 - PPNB_UW42_20x_1-2",4.0881,4.0881,15524.55975,15524.55975
702,"UW42","03_PPNB_UW42 cut 200x200 - PPNB_UW42_20x_10-1",7.36876666666667,7.36876666666667,27982.8914166667,27982.8914166667
703,"UW42","03_PPNB_UW42 cut 200x200 - PPNB_UW42_20x_10-2",1.89076666666667,1.89076666666667,7180.18641666667,7180.18641666667
704,"UW42","03_PPNB_UW42 cut 200x200 - PPNB_UW42_20x_2-1",14.9038,14.9038,56597.1805,56597.1805
705,"UW42","03_PPNB_UW42 cut 200x200 - PPNB_UW42_20x_2-2",15.2298,15.2298,57835.1655,57835.1655
706,"UW42","03_PPNB_UW42 cut 200x200 - PPNB_UW42_20x_2-3",13.8636,13.8636,52647.021,52647.021
707,"UW42","03_PPNB_UW42 cut 200x200 - PPNB_UW42_20x_3-1",28.2287,28.2287,107198.48825,107198.48825
708,"UW42","03_PPNB_UW42 cut 200x200 - PPNB_UW42_20x_4-1",23.1256333333334,23.1256333333334,87819.5925833334,87819.5925833334
709,"UW42","03_PPNB_UW42 cut 200x200 - PPNB_UW42_20x_4-2",27.5802666666667,27.5802666666667,104736.062666667,104736.062666667
710,"UW42","03_PPNB_UW42 cut 200x200 - PPNB_UW42_20x_4-3",20.1283,20.1283,76437.21925,76437.21925
711,"UW42","03_PPNB_UW42 cut 200x200 - PPNB_UW42_20x_5-1",5.0348,5.0348,19119.653,19119.653
712,"UW42","03_PPNB_UW42 cut 200x200 - PPNB_UW42_20x_5-2",4.6797,4.6797,17771.16075,17771.16075
713,"UW42","03_PPNB_UW42 cut 200x200 - PPNB_UW42_20x_5-3",4.91046666666666,4.91046666666666,18647.4971666667,18647.4971666667
714,"UW42","03_PPNB_UW42 cut 200x200 - PPNB_UW42_20x_6-1",5.35966666666667,5.35966666666667,20353.3341666667,20353.3341666667
715,"UW42","03_PPNB_UW42 cut 200x200 - PPNB_UW42_20x_6-2",7.35193333333333,7.35193333333333,27918.9668333333,27918.9668333333
716,"UW42","03_PPNB_UW42 cut 200x200 - PPNB_UW42_20x_7-1",4.37016666666667,4.37016666666667,16595.7079166667,16595.7079166667
717,"UW42","03_PPNB_UW42 cut 200x200 - PPNB_UW42_20x_7-2",12.2304333333333,12.2304333333333,46445.0705833334,46445.0705833334
718,"UW42","03_PPNB_UW42 cut 200x200 - PPNB_UW42_20x_8-1",16.4520666666667,16.4520666666667,62476.7231666667,62476.7231666667
719,"UW42","03_PPNB_UW42 cut 200x200 - PPNB_UW42_20x_8-2",22.4397,22.4397,85214.76075,85214.76075
720,"UW42","03_PPNB_UW42 cut 200x200 - PPNB_UW42_20x_9-1",16.4876666666667,16.4876666666667,62611.9141666667,62611.9141666667
721,"UW42","03_PPNB_UW42 cut 200x200 - PPNB_UW42_20x_9-2",2.6373,2.6373,10015.14675,10015.14675
723,"UW43","03_PPNB_UW43 cut 200x200 - PPNB_UW43_20x_1-1",27.3097,27.3097,103708.58575,103708.58575
724,"UW43","03_PPNB_UW43 cut 200x200 - PPNB_UW43_20x_2-1",27.6111333333333,27.6111333333333,104853.278833333,104853.278833333
725,"UW43","03_PPNB_UW43 cut 200x200 - PPNB_UW43_20x_2-2",24.0798,24.0798,91443.0405,91443.0405
726,"UW43","03_PPNB_UW43 cut 200x200 - PPNB_UW43_20x_2-3",24.1533666666666,24.1533666666666,91722.4099166666,91722.4099166666
727,"UW43","03_PPNB_UW43 cut 200x200 - PPNB_UW43_20x_3-1",18.8673666666666,18.8673666666666,71648.8249166665,71648.8249166665
728,"UW43","03_PPNB_UW43 cut 200x200 - PPNB_UW43_20x_3-2",15.6835666666667,15.6835666666667,59558.3444166667,59558.3444166667
729,"UW43","03_PPNB_UW43 cut 200x200 - PPNB_UW43_20x_3-3",18.6287,18.6287,70742.48825,70742.48825
730,"UW43","03_PPNB_UW43 cut 200x200 - PPNB_UW43_20x_5-1",22.9613,22.9613,87195.53675,87195.53675
731,"UW43","03_PPNB_UW43 cut 200x200 - PPNB_UW43_20x_6-1",27.6124,27.6124,104858.089,104858.089
732,"UW43","03_PPNB_UW43 cut 200x200 - PPNB_UW43_20x_7-1",23.5203333333333,23.5203333333333,89318.4658333334,89318.4658333334
733,"UW43","03_PPNB_UW43 cut 200x200 - PPNB_UW43_20x_8-1",27.2655333333333,27.2655333333333,103540.862833333,103540.862833333
734,"UW43","03_PPNB_UW43 cut 200x200 - PPNB_UW43_20x_8-2",28.9075,28.9075,109776.23125,109776.23125
738,"UW44","03_PPNB_UW44 cut 200x200 - PPNB_UW44_20x_1-1",23.5324333333333,23.5324333333333,89364.4155833333,89364.4155833333
739,"UW44","03_PPNB_UW44 cut 200x200 - PPNB_UW44_20x_1-2",20.2772666666667,20.2772666666667,77002.9201666666,77002.9201666666
740,"UW44","03_PPNB_UW44 cut 200x200 - PPNB_UW44_20x_2-1",12.5604666666667,12.5604666666667,47698.3721666667,47698.3721666667
741,"UW44","03_PPNB_UW44 cut 200x200 - PPNB_UW44_20x_2-2",14.1563666666667,14.1563666666667,53758.8024166667,53758.8024166667
742,"UW44","03_PPNB_UW44 cut 200x200 - PPNB_UW44_20x_2-3",18.9900333333333,18.9900333333333,72114.6515833333,72114.6515833333
743,"UW44","03_PPNB_UW44 cut 200x200 - PPNB_UW44_20x_3-1",13.8026,13.8026,52415.3735,52415.3735
744,"UW44","03_PPNB_UW44 cut 200x200 - PPNB_UW44_20x_3-2",16.3989333333333,16.3989333333333,62274.9493333333,62274.9493333333
745,"UW44","03_PPNB_UW44 cut 200x200 - PPNB_UW44_20x_3-3",9.78033333333333,9.78033333333333,37140.8158333333,37140.8158333333
746,"UW44","03_PPNB_UW44 cut 200x200 - PPNB_UW44_20x_4-1",27.6499333333333,27.6499333333333,105000.621833333,105000.621833333
747,"UW44","03_PPNB_UW44 cut 200x200 - PPNB_UW44_20x_5-1",20.0282333333333,20.0282333333333,76057.2160833333,76057.2160833333
748,"UW44","03_PPNB_UW44 cut 200x200 - PPNB_UW44_20x_5-2",13.4299,13.4299,51000.04525,51000.04525
749,"UW44","03_PPNB_UW44 cut 200x200 - PPNB_UW44_20x_5-3",13.8681333333333,13.8681333333333,52664.2363333333,52664.2363333333
750,"UW44","03_PPNB_UW44 cut 200x200 - PPNB_UW44_20x_6-1",16.2501,16.2501,61709.75475,61709.75475
751,"UW44","03_PPNB_UW44 cut 200x200 - PPNB_UW44_20x_6-2",13.1002333333333,13.1002333333333,49748.1360833333,49748.1360833333
755,"UW45","03_PPNB_UW45 cut 200x200 - PPNB_UW45_20x_1-1",9.42386666666667,9.42386666666667,35787.1336666667,35787.1336666667
756,"UW45","03_PPNB_UW45 cut 200x200 - PPNB_UW45_20x_1-2",5.2386,5.2386,19893.5835,19893.5835
757,"UW45","03_PPNB_UW45 cut 200x200 - PPNB_UW45_20x_10-1",19.5050666666667,19.5050666666667,74070.4906666667,74070.4906666667
758,"UW45","03_PPNB_UW45 cut 200x200 - PPNB_UW45_20x_10-2",9.08986666666667,9.08986666666667,34518.7686666667,34518.7686666667
759,"UW45","03_PPNB_UW45 cut 200x200 - PPNB_UW45_20x_10-3",10.1324,10.1324,38477.789,38477.789
760,"UW45","03_PPNB_UW45 cut 200x200 - PPNB_UW45_20x_3-1",7.5826,7.5826,28794.9235,28794.9235
761,"UW45","03_PPNB_UW45 cut 200x200 - PPNB_UW45_20x_4-1",3.38926666666667,3.38926666666667,12870.7401666667,12870.7401666667
762,"UW45","03_PPNB_UW45 cut 200x200 - PPNB_UW45_20x_4-2",7.87856666666666,7.87856666666666,29918.8569166667,29918.8569166667
763,"UW45","03_PPNB_UW45 cut 200x200 - PPNB_UW45_20x_4-3",12.7611666666667,12.7611666666667,48460.5304166667,48460.5304166667
764,"UW45","03_PPNB_UW45 cut 200x200 - PPNB_UW45_20x_5-1",7.34906666666667,7.34906666666667,27908.0806666667,27908.0806666667
765,"UW45","03_PPNB_UW45 cut 200x200 - PPNB_UW45_20x_5-2",9.36836666666667,9.36836666666667,35576.3724166667,35576.3724166667
766,"UW45","03_PPNB_UW45 cut 200x200 - PPNB_UW45_20x_6-1",3.67906666666667,3.67906666666667,13971.2556666667,13971.2556666667
767,"UW45","03_PPNB_UW45 cut 200x200 - PPNB_UW45_20x_6-2",3.95596666666667,3.95596666666667,15022.7834166667,15022.7834166667
768,"UW45","03_PPNB_UW45 cut 200x200 - PPNB_UW45_20x_6-3",3.77916666666667,3.77916666666667,14351.3854166667,14351.3854166667
769,"UW45","03_PPNB_UW45 cut 200x200 - PPNB_UW45_20x_6-4",12.5436,12.5436,47634.321,47634.321
770,"UW45","03_PPNB_UW45 cut 200x200 - PPNB_UW45_20x_6-5",10.8395,10.8395,41163.00125,41163.00125
771,"UW45","03_PPNB_UW45 cut 200x200 - PPNB_UW45_20x_7-1",6.09976666666667,6.09976666666667,23163.8639166667,23163.8639166667
772,"UW45","03_PPNB_UW45 cut 200x200 - PPNB_UW45_20x_7-2",8.82803333333333,8.82803333333333,33524.4565833333,33524.4565833333
773,"UW45","03_PPNB_UW45 cut 200x200 - PPNB_UW45_20x_8-1",3.40623333333333,3.40623333333333,12935.1710833333,12935.1710833333
774,"UW45","03_PPNB_UW45 cut 200x200 - PPNB_UW45_20x_8-2",24.0196,24.0196,91214.431,91214.431
775,"UW45","03_PPNB_UW45 cut 200x200 - PPNB_UW45_20x_9-1",11.7829666666667,11.7829666666667,44745.8159166667,44745.8159166667
776,"UW45","03_PPNB_UW45 cut 200x200 - PPNB_UW45_20x_9-2",11.0689666666667,11.0689666666667,42034.4009166667,42034.4009166667
778,"UW46","03_PPNB_UW46 cut 200x200 - PPNB_UW46_20x_1-1",28.1210666666667,28.1210666666667,106789.750666667,106789.750666667
779,"UW46","03_PPNB_UW46 cut 200x200 - PPNB_UW46_20x_1-2",23.9907333333333,23.9907333333333,91104.8098333334,91104.8098333334
780,"UW46","03_PPNB_UW46 cut 200x200 - PPNB_UW46_20x_1-3",19.8515333333333,19.8515333333333,75386.1978333333,75386.1978333333
781,"UW46","03_PPNB_UW46 cut 200x200 - PPNB_UW46_20x_11-1",9.0775,9.0775,34471.80625,34471.80625
782,"UW46","03_PPNB_UW46 cut 200x200 - PPNB_UW46_20x_11-2",12.9805666666667,12.9805666666667,49293.7019166667,49293.7019166667
783,"UW46","03_PPNB_UW46 cut 200x200 - PPNB_UW46_20x_12-1",19.707,19.707,74837.3325,74837.3325
784,"UW46","03_PPNB_UW46 cut 200x200 - PPNB_UW46_20x_12-2",13.3971333333333,13.3971333333333,50875.6138333333,50875.6138333333
785,"UW46","03_PPNB_UW46 cut 200x200 - PPNB_UW46_20x_2-1",21.1305,21.1305,80243.07375,80243.07375
786,"UW46","03_PPNB_UW46 cut 200x200 - PPNB_UW46_20x_2-2",16.2519666666667,16.2519666666667,61716.8434166667,61716.8434166667
787,"UW46","03_PPNB_UW46 cut 200x200 - PPNB_UW46_20x_3-1",28.4388,28.4388,107996.343,107996.343
788,"UW46","03_PPNB_UW46 cut 200x200 - PPNB_UW46_20x_3-2",22.3176,22.3176,84751.0860000001,84751.0860000001
789,"UW46","03_PPNB_UW46 cut 200x200 - PPNB_UW46_20x_4-1",28.5302,28.5302,108343.4345,108343.4345
790,"UW46","03_PPNB_UW46 cut 200x200 - PPNB_UW46_20x_4-2",24.9166,24.9166,94620.7885,94620.7885
791,"UW46","03_PPNB_UW46 cut 200x200 - PPNB_UW46_20x_5-1",28.1416333333333,28.1416333333333,106867.852583333,106867.852583333
792,"UW46","03_PPNB_UW46 cut 200x200 - PPNB_UW46_20x_5-2",28.1946666666667,28.1946666666667,107069.246666667,107069.246666667
793,"UW46","03_PPNB_UW46 cut 200x200 - PPNB_UW46_20x_5-3",24.7701,24.7701,94064.45475,94064.45475
794,"UW46","03_PPNB_UW46 cut 200x200 - PPNB_UW46_20x_6-1",23.8017666666667,23.8017666666667,90387.2089166667,90387.2089166667
795,"UW46","03_PPNB_UW46 cut 200x200 - PPNB_UW46_20x_6-2",15.0931333333333,15.0931333333333,57316.1738333334,57316.1738333334
796,"UW46","03_PPNB_UW46 cut 200x200 - PPNB_UW46_20x_7-1",17.6533666666667,17.6533666666667,67038.6599166666,67038.6599166666
797,"UW46","03_PPNB_UW46 cut 200x200 - PPNB_UW46_20x_7-2",18.6723333333333,18.6723333333333,70908.1858333333,70908.1858333333
800,"UW47","03_PPNB_UW47 cut 200x200 - PPNB_UW47_20x_1-1",20.1541666666667,20.1541666666667,76535.4479166667,76535.4479166667
801,"UW47","03_PPNB_UW47 cut 200x200 - PPNB_UW47_20x_10-1",27.5451333333333,27.5451333333333,104602.643833333,104602.643833333
802,"UW47","03_PPNB_UW47 cut 200x200 - PPNB_UW47_20x_11-1",26.8533333333333,26.8533333333333,101975.533333333,101975.533333333
803,"UW47","03_PPNB_UW47 cut 200x200 - PPNB_UW47_20x_11-2",26.3433,26.3433,100038.68175,100038.68175
804,"UW47","03_PPNB_UW47 cut 200x200 - PPNB_UW47_20x_2-1",24.9405333333333,24.9405333333333,94711.6753333333,94711.6753333333
805,"UW47","03_PPNB_UW47 cut 200x200 - PPNB_UW47_20x_2-2",24.9001666666667,24.9001666666667,94558.3829166667,94558.3829166667
806,"UW47","03_PPNB_UW47 cut 200x200 - PPNB_UW47_20x_3-1",24.6331,24.6331,93544.19725,93544.19725
807,"UW47","03_PPNB_UW47 cut 200x200 - PPNB_UW47_20x_3-2",24.7935333333333,24.7935333333333,94153.4428333334,94153.4428333334
808,"UW47","03_PPNB_UW47 cut 200x200 - PPNB_UW47_20x_4-1",28.2400666666667,28.2400666666667,107241.653166667,107241.653166667
809,"UW47","03_PPNB_UW47 cut 200x200 - PPNB_UW47_20x_4-2",26.8266666666667,26.8266666666667,101874.266666667,101874.266666667
810,"UW47","03_PPNB_UW47 cut 200x200 - PPNB_UW47_20x_5-1",26.2422333333333,26.2422333333333,99654.8810833333,99654.8810833333
811,"UW47","03_PPNB_UW47 cut 200x200 - PPNB_UW47_20x_5-2",27.6617333333333,27.6617333333333,105045.432333333,105045.432333333
812,"UW47","03_PPNB_UW47 cut 200x200 - PPNB_UW47_20x_5-3",25.2048666666667,25.2048666666667,95715.4811666667,95715.4811666667
813,"UW47","03_PPNB_UW47 cut 200x200 - PPNB_UW47_20x_6-1",26.9743666666667,26.9743666666667,102435.157416667,102435.157416667
814,"UW47","03_PPNB_UW47 cut 200x200 - PPNB_UW47_20x_6-2",26.8162,26.8162,101834.5195,101834.5195
815,"UW47","03_PPNB_UW47 cut 200x200 - PPNB_UW47_20x_6-3",27.9737333333333,27.9737333333333,106230.252333333,106230.252333333
816,"UW47","03_PPNB_UW47 cut 200x200 - PPNB_UW47_20x_7-1",24.4501333333334,24.4501333333334,92849.3813333334,92849.3813333334
817,"UW47","03_PPNB_UW47 cut 200x200 - PPNB_UW47_20x_7-2",16.9813333333333,16.9813333333333,64486.6133333334,64486.6133333334
818,"UW47","03_PPNB_UW47 cut 200x200 - PPNB_UW47_20x_7-3",26.4551666666667,26.4551666666667,100463.495416667,100463.495416667
819,"UW47","03_PPNB_UW47 cut 200x200 - PPNB_UW47_20x_8-1",25.8269,25.8269,98077.65275,98077.65275
820,"UW47","03_PPNB_UW47 cut 200x200 - PPNB_UW47_20x_8-2",25.047,25.047,95115.9825,95115.9825
821,"UW47","03_PPNB_UW47 cut 200x200 - PPNB_UW47_20x_9-1",24.2458666666667,24.2458666666667,92073.6786666667,92073.6786666667
822,"UW47","03_PPNB_UW47 cut 200x200 - PPNB_UW47_20x_9-2",22.8362,22.8362,86720.4695,86720.4695
824,"UW48","03_PPNB_UW48 cut 200x200 - PPNB_UW48_20x_1-2",27.3858666666667,27.3858666666667,103997.828666667,103997.828666667
825,"UW48","03_PPNB_UW48 cut 200x200 - PPNB_UW48_20x_10-1",23.5515666666667,23.5515666666667,89437.0744166666,89437.0744166666
826,"UW48","03_PPNB_UW48 cut 200x200 - PPNB_UW48_20x_11-1",11.8525666666667,11.8525666666667,45010.1219166667,45010.1219166667
827,"UW48","03_PPNB_UW48 cut 200x200 - PPNB_UW48_20x_11-2",11.3366333333333,11.3366333333333,43050.8650833333,43050.8650833333
828,"UW48","03_PPNB_UW48 cut 200x200 - PPNB_UW48_20x_11-3",19.9340333333333,19.9340333333333,75699.4915833333,75699.4915833333
829,"UW48","03_PPNB_UW48 cut 200x200 - PPNB_UW48_20x_12-1",20.2203,20.2203,76786.58925,76786.58925
830,"UW48","03_PPNB_UW48 cut 200x200 - PPNB_UW48_20x_12-2",20.0801666666667,20.0801666666667,76254.4329166667,76254.4329166667
831,"UW48","03_PPNB_UW48 cut 200x200 - PPNB_UW48_20x_13-1",28.67,28.67,108874.325,108874.325
832,"UW48","03_PPNB_UW48 cut 200x200 - PPNB_UW48_20x_13-2",28.8886,28.8886,109704.4585,109704.4585
833,"UW48","03_PPNB_UW48 cut 200x200 - PPNB_UW48_20x_13-3",24.1872333333333,24.1872333333333,91851.0185833334,91851.0185833334
834,"UW48","03_PPNB_UW48 cut 200x200 - PPNB_UW48_20x_2-1",26.9317333333333,26.9317333333333,102273.257333333,102273.257333333
835,"UW48","03_PPNB_UW48 cut 200x200 - PPNB_UW48_20x_2-2",27.8342333333333,27.8342333333333,105700.501083333,105700.501083333
836,"UW48","03_PPNB_UW48 cut 200x200 - PPNB_UW48_20x_3-1",26.626,26.626,101112.235,101112.235
837,"UW48","03_PPNB_UW48 cut 200x200 - PPNB_UW48_20x_3-2",28.5428666666667,28.5428666666667,108391.536166667,108391.536166667
838,"UW48","03_PPNB_UW48 cut 200x200 - PPNB_UW48_20x_4-1",27.6682,27.6682,105069.9895,105069.9895
839,"UW48","03_PPNB_UW48 cut 200x200 - PPNB_UW48_20x_5-1",28.2585333333333,28.2585333333333,107311.780333333,107311.780333333
840,"UW48","03_PPNB_UW48 cut 200x200 - PPNB_UW48_20x_5-2",27.2897333333333,27.2897333333333,103632.762333333,103632.762333333
841,"UW48","03_PPNB_UW48 cut 200x200 - PPNB_UW48_20x_6-1",27.0864,27.0864,102860.604,102860.604
842,"UW48","03_PPNB_UW48 cut 200x200 - PPNB_UW48_20x_7-1",23.7202,23.7202,90077.4595,90077.4595
843,"UW48","03_PPNB_UW48 cut 200x200 - PPNB_UW48_20x_8-1",27.4115666666667,27.4115666666667,104095.424416667,104095.424416667
844,"UW48","03_PPNB_UW48 cut 200x200 - PPNB_UW48_20x_8-2",27.9303666666667,27.9303666666667,106065.567416667,106065.567416667
845,"UW48","03_PPNB_UW48 cut 200x200 - PPNB_UW48_20x_9-1",11.1305333333333,11.1305333333333,42268.2003333333,42268.2003333333
846,"UW48","03_PPNB_UW48 cut 200x200 - PPNB_UW48_20x_9-2",13.7266333333333,13.7266333333333,52126.8900833333,52126.8900833333
847,"UW49","03_PPNB_UW49 cut 200x200 - PPNB_UW49_20x_1-1",21.8135,21.8135,82836.76625,82836.76625
848,"UW49","03_PPNB_UW49 cut 200x200 - PPNB_UW49_20x_10-1",10.6197666666667,10.6197666666667,40328.5639166667,40328.5639166667
849,"UW49","03_PPNB_UW49 cut 200x200 - PPNB_UW49_20x_10-2",12.8046,12.8046,48625.4685,48625.4685
850,"UW49","03_PPNB_UW49 cut 200x200 - PPNB_UW49_20x_11-1",7.10226666666667,7.10226666666667,26970.8576666667,26970.8576666667
851,"UW49","03_PPNB_UW49 cut 200x200 - PPNB_UW49_20x_2-1",28.3295666666667,28.3295666666667,107581.529416667,107581.529416667
852,"UW49","03_PPNB_UW49 cut 200x200 - PPNB_UW49_20x_2-2",12.7432,12.7432,48392.302,48392.302
853,"UW49","03_PPNB_UW49 cut 200x200 - PPNB_UW49_20x_3-1",19.9381333333333,19.9381333333333,75715.0613333334,75715.0613333334
854,"UW49","03_PPNB_UW49 cut 200x200 - PPNB_UW49_20x_3-2",14.2862,14.2862,54251.8445,54251.8445
855,"UW49","03_PPNB_UW49 cut 200x200 - PPNB_UW49_20x_4-1",14.4016,14.4016,54690.076,54690.076
856,"UW49","03_PPNB_UW49 cut 200x200 - PPNB_UW49_20x_4-2",13.3378333333333,13.3378333333333,50650.4220833333,50650.4220833333
857,"UW49","03_PPNB_UW49 cut 200x200 - PPNB_UW49_20x_5-1",28.0613666666667,28.0613666666667,106563.039916667,106563.039916667
858,"UW49","03_PPNB_UW49 cut 200x200 - PPNB_UW49_20x_6-1",13.5773,13.5773,51559.79675,51559.79675
859,"UW49","03_PPNB_UW49 cut 200x200 - PPNB_UW49_20x_6-2",20.0327666666667,20.0327666666667,76074.4314166667,76074.4314166667
860,"UW49","03_PPNB_UW49 cut 200x200 - PPNB_UW49_20x_7-1",8.13573333333333,8.13573333333333,30895.4473333333,30895.4473333333
861,"UW49","03_PPNB_UW49 cut 200x200 - PPNB_UW49_20x_7-2",12.6781666666667,12.6781666666667,48145.3379166667,48145.3379166667
862,"UW49","03_PPNB_UW49 cut 200x200 - PPNB_UW49_20x_8-1",16.3743333333333,16.3743333333333,62181.5308333333,62181.5308333333
863,"UW49","03_PPNB_UW49 cut 200x200 - PPNB_UW49_20x_8-2",11.9622,11.9622,45426.4545,45426.4545
864,"UW49","03_PPNB_UW49 cut 200x200 - PPNB_UW49_20x_9-1",23.9253333333333,23.9253333333333,90856.4533333333,90856.4533333333
865,"UW50","03_PPNB_UW50 cut 200x200 - PPNB_UW50_20x_1-1",24.4217666666667,24.4217666666667,92741.6589166667,92741.6589166667
866,"UW50","03_PPNB_UW50 cut 200x200 - PPNB_UW50_20x_1-2",25.1052,25.1052,95336.997,95336.997
867,"UW50","03_PPNB_UW50 cut 200x200 - PPNB_UW50_20x_10-1",23.1468,23.1468,87899.973,87899.973
868,"UW50","03_PPNB_UW50 cut 200x200 - PPNB_UW50_20x_10-2",21.9368333333333,21.9368333333333,83305.1245833333,83305.1245833333
869,"UW50","03_PPNB_UW50 cut 200x200 - PPNB_UW50_20x_10-3",23.3237333333333,23.3237333333333,88571.8773333334,88571.8773333334
870,"UW50","03_PPNB_UW50 cut 200x200 - PPNB_UW50_20x_11-1",26.9946333333333,26.9946333333333,102512.120083333,102512.120083333
871,"UW50","03_PPNB_UW50 cut 200x200 - PPNB_UW50_20x_11-2",24.6442,24.6442,93586.3495,93586.3495
872,"UW50","03_PPNB_UW50 cut 200x200 - PPNB_UW50_20x_11-3",25.6953333333333,25.6953333333333,97578.0283333332,97578.0283333332
873,"UW50","03_PPNB_UW50 cut 200x200 - PPNB_UW50_20x_12-1",28.2311,28.2311,107207.60225,107207.60225
874,"UW50","03_PPNB_UW50 cut 200x200 - PPNB_UW50_20x_12-2",28.7732333333333,28.7732333333333,109266.353583333,109266.353583333
875,"UW50","03_PPNB_UW50 cut 200x200 - PPNB_UW50_20x_12-3",23.5666,23.5666,89494.1635,89494.1635
876,"UW50","03_PPNB_UW50 cut 200x200 - PPNB_UW50_20x_13-1",16.5046666666667,16.5046666666667,62676.4716666667,62676.4716666667
877,"UW50","03_PPNB_UW50 cut 200x200 - PPNB_UW50_20x_13-2",22.985,22.985,87285.5374999999,87285.5374999999
878,"UW50","03_PPNB_UW50 cut 200x200 - PPNB_UW50_20x_2-1",25.0441,25.0441,95104.96975,95104.96975
879,"UW50","03_PPNB_UW50 cut 200x200 - PPNB_UW50_20x_2-2",30.1677666666667,30.1677666666667,114562.093916667,114562.093916667
880,"UW50","03_PPNB_UW50 cut 200x200 - PPNB_UW50_20x_3-1",27.6555333333333,27.6555333333333,105021.887833333,105021.887833333
881,"UW50","03_PPNB_UW50 cut 200x200 - PPNB_UW50_20x_3-2",23.4358,23.4358,88997.4505,88997.4505
882,"UW50","03_PPNB_UW50 cut 200x200 - PPNB_UW50_20x_3-3",21.9725,21.9725,83440.56875,83440.56875
883,"UW50","03_PPNB_UW50 cut 200x200 - PPNB_UW50_20x_4-1",22.2116,22.2116,84348.5509999999,84348.5509999999
884,"UW50","03_PPNB_UW50 cut 200x200 - PPNB_UW50_20x_4-2",20.4385333333333,20.4385333333333,77615.3303333333,77615.3303333333
885,"UW50","03_PPNB_UW50 cut 200x200 - PPNB_UW50_20x_5-1",22.5703333333333,22.5703333333333,85710.8408333334,85710.8408333334
886,"UW50","03_PPNB_UW50 cut 200x200 - PPNB_UW50_20x_6-1",27.7675333333333,27.7675333333333,105447.207833333,105447.207833333
887,"UW50","03_PPNB_UW50 cut 200x200 - PPNB_UW50_20x_6-2",27.0573333333333,27.0573333333333,102750.223333333,102750.223333333
888,"UW50","03_PPNB_UW50 cut 200x200 - PPNB_UW50_20x_7-1",25.5226333333333,25.5226333333333,96922.2000833334,96922.2000833334
889,"UW50","03_PPNB_UW50 cut 200x200 - PPNB_UW50_20x_8-1",19.5590666666667,19.5590666666667,74275.5556666666,74275.5556666666
890,"UW50","03_PPNB_UW50 cut 200x200 - PPNB_UW50_20x_8-2",20.5306,20.5306,77964.9535,77964.9535
891,"UW50","03_PPNB_UW50 cut 200x200 - PPNB_UW50_20x_9-1",22.8107,22.8107,86623.6332500001,86623.6332500001
892,"UW50","03_PPNB_UW50 cut 200x200 - PPNB_UW50_20x_9-2",25.9836333333333,25.9836333333333,98672.8475833333,98672.8475833333
