"TOOL","N_subareas","HOURS_mean","HOURS_median","HOURS_sd","HOURS_mad","STEMS_mean","STEMS_median","STEMS_sd","STEMS_mad","GRAIN_G_PER_STEM","GRAIN_G_mean","GRAIN_G_median","GRAIN_KG_mean","GRAIN_KG_median","GRAIN_KG_sd","GRAIN_KG_mad"
"UW10",23,16.6361594202899,13.9965666666667,9.62762677346222,11.94995368,63175.8153985507,53151.9619166667,36560.9126722228,45379.9490998001,0.3,18952.7446195652,15945.588575,18.9527446195652,15.945588575,10.9682738016668,13.61398472994
"UW11",20,8.93665166666667,7.93498333333333,3.34178315583767,1.24140569,33936.9347041667,30133.0992083333,12690.4215342935,4714.238107775,0.3,10181.08041125,9039.92976249999,10.18108041125,9.03992976249999,3.80712646028806,1.4142714323325
"UW12",16,24.7677979166667,26.9191833333333,4.40730561104021,2.32397549999999,94055.7125885417,102225.598708333,16736.7430579252,8825.29696124998,0.3,28216.7137765625,30667.6796125,28.2167137765625,30.6676796125,5.02102291737755,2.64758908837499
"UW13",20,16.4447866666667,15.4059333333333,4.84577967741365,3.77440308,62449.0773666667,58504.0318333333,18401.8483249783,14333.2956963,0.3,18734.72321,17551.20955,18.73472321,17.55120955,5.5205544974935,4.29998870889
"UW14",24,16.7238138888889,17.8652833333333,8.1192443704357,8.69900724000002,63508.6832430556,67843.4134583333,30832.8304967296,33034.4799939001,0.3,19052.6049729167,20353.0240375,19.0526049729167,20.3530240375,9.24984914901887,9.91034399817002
"UW15",23,25.2118637681159,27.0005666666667,3.9521390839238,1.53404622000002,95742.0526594203,102534.651916667,15008.2481712006,5825.54052045006,0.3,28722.6157978261,30760.395575,28.7226157978261,30.760395575,4.50247445136019,1.74766215613502
"UW16",20,7.36012833333333,7.85248333333333,2.85553140489816,1.6244354,27950.0873458333,29819.8054583333,10843.8805101008,6168.7934315,0.3,8385.02620375,8945.9416375,8.38502620375,8.9459416375,3.25316415303023,1.85063802945
"UW17",24,10.5971833333333,10.1623333333333,3.6974736999388,4.54500913999999,40242.8037083333,38591.4608333334,14041.1563755176,17259.67220915,0.3,12072.8411125,11577.43825,12.0728411125,11.57743825,4.21234691265528,5.17790166274499
"UW18",24,21.9410444444444,26.029,8.07070970038512,4.18683769,83321.1162777778,98845.1275000001,30648.5200872125,15899.516127775,0.3,24996.3348833333,29653.53825,24.9963348833333,29.65353825,9.19455602616375,4.76985483833249
"UW2",20,10.0906733333333,7.6543,7.15606997724669,4.94555823999999,38319.3319833333,29067.20425,27175.1757385943,18780.7574164,0.3,11495.799595,8720.161275,11.495799595,8.720161275,8.1525527215783,5.63422722491999
"UW20",18,22.02535,22.4455166666667,3.59163839940199,3.54909730000003,83641.266625,85236.8495416666,13639.246821729,13477.6969967501,0.3,25092.3799875,25571.0548625,25.0923799875,25.5710548625,4.09177404651871,4.04330909902503
"UW21",11,14.1241848484848,8.0479,10.9064871660796,5.51710054,53636.5919621212,30561.90025,41417.3850131872,20951.18930065,0.3,16090.9775886364,9168.570075,16.0909775886364,9.168570075,12.4252155039562,6.285356790195
"UW22",22,9.72061818181818,8.34045,4.75280503261668,1.53508403999999,36914.0475454546,31672.858875,18048.7771113618,5829.48164189998,0.3,11074.2142636364,9501.8576625,11.0742142636364,9.5018576625,5.41463313340855,1.74884449256999
"UW23",16,16.87144375,16.9425,7.78089922936854,10.16020838,64069.307640625,64339.14375,29547.964823527,38583.39132305,0.3,19220.7922921875,19301.743125,19.2207922921875,19.301743125,8.86438944705811,11.575017396915
"UW24",12,11.444975,9.06981666666667,4.49315294054141,3.4739789,43462.2925625,34442.6287916667,17062.748291706,13192.43487275,0.3,13038.68776875,10332.7886375,13.03868776875,10.3327886375,5.11882448751181,3.957730461825
"UW25",22,13.1360954545455,12.4859333333333,6.09426103160187,5.09586916999999,49884.3224886364,47415.3318333333,23142.9562675081,19351.563173075,0.3,14965.2967465909,14224.59955,14.9652967465909,14.22459955,6.94288688025244,5.80546895192249
"UW26",22,18.9551484848485,21.0075333333333,8.12915108644933,9.17974029,71982.1763712121,79776.1078333333,30870.4512507913,34860.063751275,0.3,21594.6529113636,23932.83235,21.5946529113636,23.93283235,9.2611353752374,10.4580191253825
"UW27",14,19.9301,17.7881333333333,6.40722784314848,7.94886106,75684.55475,67550.4363333333,24331.4477343564,30185.79987535,0.3,22705.366425,20265.1309,22.705366425,20.2651309,7.29943432030691,9.055739962605
"UW28",23,22.9805057971014,23.7293,4.18767140750532,4.03741632,87268.4707644927,90112.01675,15902.6821700015,15332.0884752,0.3,26180.5412293478,27033.605025,26.1805412293478,27.033605025,4.77080465100044,4.59962654256
"UW29",24,7.35813472222222,7.11986666666667,1.85909727809447,0.739001970000005,27942.5166076389,27037.6936666667,7059.92191356376,2806.35998107502,0.3,8382.75498229167,8111.3081,8.38275498229167,8.1113081,2.11797657406913,0.841907994322505
"UW3",24,24.4217666666667,24.2442833333334,3.3438557121201,3.48326986,92741.6589166667,92067.6659583334,12698.2920667761,13227.71729335,0.3,27822.497675,27620.2997875,27.822497675,27.6202997875,3.80948762003283,3.968315188005
"UW30",8,9.26375,7.37413333333333,5.84438101679928,0.835791039999999,35179.090625,28003.2713333333,22194.0369112953,3173.91647439999,0.3,10553.7271875,8400.9814,10.5537271875,8.4009814,6.65821107338858,0.952174942319998
"UW32",18,12.1709055555556,12.1344666666667,4.75720074728483,4.61869436,46219.0138472222,46080.6371666667,18065.4698378141,17539.4918321,0.3,13865.7041541667,13824.19115,13.8657041541667,13.82419115,5.41964095134424,5.26184754963
"UW33",11,21.0465909090909,23.4025,6.3444890225926,6.17858723999998,79924.4289772727,88870.99375,24093.1970632954,23463.1850438999,0.3,23977.3286931818,26661.298125,23.9773286931818,26.661298125,7.22795911898862,7.03895551316998
"UW34",16,15.9254666666667,14.8889,6.19884897709961,5.98446548,60476.9596666667,56540.59775,23540.1289905358,22726.0076603,0.3,18143.0879,16962.179325,18.1430879,16.962179325,7.06203869716073,6.81780229809
"UW35",14,12.4888238095238,8.69503333333333,7.29156876333897,2.89534482999999,47426.3084166667,33019.3890833333,27689.7323787797,10995.071991925,0.3,14227.892525,9905.816725,14.227892525,9.905816725,8.30691971363392,3.29852159757749
"UW36",20,9.311955,8.16445,5.70723109831929,2.82299394999999,35362.1491125,31004.498875,21673.2100958675,10720.319525125,0.3,10608.64473375,9301.3496625,10.60864473375,9.30134966249999,6.50196302876025,3.21609585753749
"UW37",26,19.3012,20.4857166666667,6.16655593337697,6.94358413000001,73296.307,77794.5090416666,23417.496156999,26368.260733675,0.3,21988.8921,23338.3527125,21.9888921,23.3383527125,7.02524884709971,7.91047822010251
"UW38",20,26.7464533333333,27.4574833333333,1.90594049612878,1.24936230999999,101569.656533333,104269.792958333,7237.80903404902,4744.45337222497,0.3,30470.89696,31280.9378875,30.47089696,31.2809378875,2.17134271021471,1.42333601166749
"UW39",14,7.4429,7.57236666666667,1.7417378117232,1.17115516,28264.41275,28756.0624166667,6614.24934001886,4447.4617201,0.3,8479.323825,8626.818725,8.479323825,8.626818725,1.98427480200566,1.33423851603
"UW40",16,16.8439,17.79355,6.67511694134212,4.17013373,63964.71025,67571.006125,25348.7565847467,15836.082839675,0.3,19189.413075,20271.3018375,19.189413075,20.2713018375,7.60462697542401,4.7508248519025
"UW42",22,12.0914060606061,9.93986666666667,8.26992471237322,8.05024619000001,45917.1145151515,37746.6436666667,31405.0390952373,30570.809906525,0.3,13775.1343545455,11323.9931,13.7751343545455,11.3239931,9.4215117285712,9.17124297195751
"UW43",12,23.8833916666667,24.1165833333333,4.23539893097093,4.95756730000002,90697.1798541667,91582.7252083333,16083.9274403621,18826.3618217501,0.3,27209.15395625,27474.8175625,27.20915395625,27.4748175625,4.82517823210864,5.64790854652502
"UW44",14,16.7017833333333,15.2032333333333,4.86390379497733,3.51803683,63425.0222083333,57734.2785833333,18470.6746614264,13359.744861925,0.3,19027.5066625,17320.283575,19.0275066625,17.320283575,5.54120239842792,4.0079234585775
"UW45",22,9.16916818181818,8.95895,5.12415973400783,4.21295616,34819.9161704545,34021.612625,19458.9965898948,15998.7010176,0.3,10445.9748511364,10206.4837875,10.4459748511364,10.2064837875,5.83769897696842,4.79961030528
"UW46",20,21.25191,21.72405,5.86538340206572,7.07405293000002,80704.128225,82497.0798750001,22273.7934693446,26863.7160016751,0.3,24211.2384675,24749.1239625,24.2112384675,24.7491239625,6.68213804080337,8.05911480050253
"UW47",23,25.3019884057971,25.8269,2.56277899630457,1.53206942,96084.3009710145,98077.65275,9732.15323846661,5818.03362245001,0.3,28825.2902913044,29423.295825,28.8252902913044,29.423295825,2.91964597153998,1.745410086735
"UW48",23,23.4897376811594,26.9317333333333,6.0551346268788,2.57715416,89202.2788442029,102273.257333333,22994.3737455723,9786.7429226,0.3,26760.6836532609,30681.9772,26.7606836532609,30.6819772,6.89831212367168,2.93602287678
"UW49",18,16.1179925925926,13.93175,6.24184969182748,4.26586027,61208.0768703704,52905.820625,23703.4242047148,16199.604375325,0.3,18362.4230611111,15871.7461875,18.3624230611111,15.8717461875,7.11102726141445,4.8598813125975
"UW50",28,24.2163130952381,23.9941833333333,3.06527679548679,2.79620831,91961.4489791667,91117.9112083333,11640.3886308611,10618.601057225,0.3,27588.43469375,27335.3733625,27.58843469375,27.3353733625,3.49211658925832,3.18558031716751
"UW7",12,24.3850305555556,27.9400333333333,8.64777807719508,1.21523779999999,92602.1535347223,106102.276583333,32839.9372481483,4614.86554549996,0.3,27780.6460604167,31830.682975,27.7806460604167,31.830682975,9.8519811744445,1.38445966364999
"UW8",22,5.02168787878788,2.80593333333333,5.72240776199626,2.14406199,19069.859719697,10655.5318333333,21730.8434761808,8142.075407025,0.3,5720.95791590909,3196.65955,5.72095791590909,3.19665955,6.51925304285424,2.4426226221075
"UW9",15,11.9995555555556,12.4142666666667,2.92299871385824,3.37924075999999,45568.3122222222,47143.1776666667,11100.0876158767,12832.6667861,0.3,13670.4936666667,14142.9533,13.6704936666667,14.1429533,3.330026284763,3.84980003582999
